Name,City,Address,Rating_City,Rating_Food,Rating_Service,Rating_Value,Rating_Ambience,Rating_total,Rating_Excellent,Rating_Very_Good,Rating_Average,Rating_Bad,Rating_Very_Bad,Reviews,Type,Remarks,Expensive,Price,URL,Phone,Num_of_days,Menu
Bonoo Indian Tapas,לונדון,"‪675 Finchley Road‬, לונדון NW2 2JP אנגליה","מס' 2 מתוך 17,508 מסעדות בלונדון",50.0,50.0,45.0,,5.0,20,2,1,0,9,"1,413","בר יין, הודי, עכשווי, מאכלי רחוב","ידידותי לצמחוניים, אפשרויות לטבעונים, אפשרויות ללא גלוטן",‪$$ - $$$‬,84 ₪ - 126 ₪,http://www.bonoo.co.uk/,+44 20 7794 8899,7.0,https://www.bonoomenu.co.uk/
Hibox,לונדון,"‪48 Goodge Street‬, לונדון W1T 4LX אנגליה","מס' 3 מתוך 17,508 מסעדות בלונדון",50.0,50.0,50.0,,5.0,198,2,0,0,0,200,"לבנוני, ים תיכוני, מזרח תיכוני, מזון מהיר, בריא","ידידותי לצמחוניים, אפשרויות לטבעונים, חלאל, אפשרויות ללא גלוטן",$,21 ₪ - 34 ₪,http://www.hibahibox.com/,+44 20 7580 9312,5.0,
Alexander The Great,לונדון,,,,,,,5.0,"2,574",206,52,30,46,"2,908",,,,,,,7.0,
Andy's Greek Taverna,לונדון,"‪23 Pratt Street‬ Camden, לונדון NW1 0BG אנגליה","מס' 11 מתוך 17,508 מסעדות בלונדון",45.0,50.0,45.0,,5.0,"1,810",202,50,26,10,"2,098","ידידותי לצמחוניים, אפשרויות לטבעונים, אפשרויות ללא גלוטן",ארוחת ערב,‪$$ - $$$‬,"ים תיכוני, אירופאי, יווני, בריא",http://www.andystaverna.co.uk/,+44 20 7485 9718,7.0,https://www.andystaverna.co.uk/
Scarlett Green,לונדון,"‪4 Noel Street‬ Soho, לונדון W1F 8GB אנגליה",מס' 6 מתוך 831 בריא בלונדון,45.0,45.0,45.0,,5.0,"1,806",93,29,24,13,"1,965","ידידותי לצמחוניים, אפשרויות לטבעונים, אפשרויות ללא גלוטן","ארוחת בוקר, ארוחת צהריים, ארוחת ערב, בראנץ', משקאות",‪$$ - $$$‬,"בריא, אוסטרלי, ברביקיו, פיוז'ן",http://www.daisygreenfood.com/venues/scarlett-green,+44 20 3653 2010,7.0,https://www.daisygreenfood.com/menus
Paladar,לונדון,,,,,,,5.0,722,54,26,13,2,817,,,,,,,7.0,
Lizzie's Cucina - Italian Restaurant,לונדון,,,,,,,5.0,171,7,0,0,3,181,,,,,,,6.0,
Awesome Thai #Finchley,לונדון,"‪826 High Road‬ North Finchley, לונדון N12 9RA אנגליה",מס' 1 מתוך 479 תאילנדי בלונדון,50.0,50.0,50.0,,5.0,79,4,0,0,0,83,"ידידותי לצמחוניים, אפשרויות לטבעונים, אפשרויות ללא גלוטן","ארוחת צהריים, ארוחת ערב",‪$$ - $$$‬,"אסייתי, תאילנדי, בריא",http://awesomethai.co.uk/,+44 20 8492 8477,7.0,http://www.awesomethai.co.uk/
The Rajdoot,לונדון,"‪49 Paddington Street‬ Marylebone, לונדון W1U 4HW אנגליה","מס' 32 מתוך 17,508 מסעדות בלונדון",45.0,45.0,45.0,40.0,4.5,"1,569",264,69,36,43,"1,981","הודי, אסייתי, בלטי","ידידותי לצמחוניים, אפשרויות לטבעונים, חלאל, אפשרויות ללא גלוטן",‪$$ - $$$‬,84 ₪ - 126 ₪,http://www.therajdootindian.com/,+44 20 7486 2055,7.0,https://www.chefonline.co.uk/the-rajdoot-marylebone-west-london-w1u/menu
Almas Restaurant,לונדון,"‪St John'Swood 83 Abbey Road‬, לונדון NW8 0AG אנגליה","מס' 33 מתוך 17,508 מסעדות בלונדון",50.0,50.0,50.0,,5.0,95,3,1,1,0,100,"פרסי, בריא","ידידותי לצמחוניים, אפשרויות לטבעונים, חלאל",‪$$ - $$$‬,21 ₪ - 75 ₪,http://www.almasrestaurant.co.uk/,+44 20 7625 6968,,http://www.almasrestaurant.co.uk/
Pivaz Hackney,לונדון,"‪34 Chatsworth Road‬, לונדון E5 0LP אנגליה","מס' 36 מתוך 17,508 מסעדות בלונדון",40.0,40.0,40.0,40.0,4.5,445,75,17,20,24,581,"ידידותי לצמחוניים, אפשרויות לטבעונים, חלאל, אפשרויות ללא גלוטן","ארוחת בוקר, ארוחת צהריים, ארוחת ערב, בראנץ'",‪$$ - $$$‬,"ים תיכוני, אירופאי, טורקי",http://www.pivaz.co.uk/,+44 20 8985 2599,7.0,
Osteria Romana,לונדון,,,,,,,4.5,777,78,36,16,11,918,,,,,,,7.0,
Dobar,לונדון,"‪324A Green Lanes‬, לונדון N4 1BX אנגליה","מס' 44 מתוך 17,508 מסעדות בלונדון",50.0,50.0,50.0,,5.0,352,10,7,1,4,374,"בית קפה, אירופאי, אנגלי","ידידותי לצמחוניים, אפשרויות לטבעונים, אפשרויות ללא גלוטן",‪$$ - $$$‬,21 ₪ - 59 ₪,http://www.dobar.co.uk/,+44 20 7686 3257,6.0,https://www.dobar.co.uk/menu
L'Angolo Bianco,לונדון,"‪49 Crawford Street‬ Marylebone, לונדון W1H 1JZ אנגליה","מס' 49 מתוך 17,508 מסעדות בלונדון",50.0,50.0,50.0,,5.0,180,10,1,1,2,194,"ידידותי לצמחוניים, אפשרויות לטבעונים, אפשרויות ללא גלוטן","ארוחת צהריים, ארוחת בוקר, בראנץ'",‪$$ - $$$‬,"איטלקי, אירופאי, בית קפה",http://www.facebook.com/pages/Langolo-Bianco/102176103210608,+44 20 7724 5888,6.0,https://www.tripadvisor.co.il/Restaurant_Review-g186338-d8566994-Reviews-L_Angolo_Bianco-London_England.html#
Indian Lounge,לונדון,"‪343 Gray's Inn Road‬ Wc1 X8px, לונדון WC1X 8PX אנגליה","מס' 54 מתוך 17,508 מסעדות בלונדון",40.0,40.0,40.0,40.0,4.5,"2,481",340,138,116,170,"3,245","ידידותי לצמחוניים, אפשרויות לטבעונים, חלאל, אפשרויות ללא גלוטן","ארוחת צהריים, ארוחת ערב, בראנץ', שעות הלילה המאוחרות",‪$$ - $$$‬,"הודי, אסייתי, בריא, בלטי, בנגלדשי",http://www.indianloungelondon.co.uk/,+44 20 7837 8398,7.0,http://www.indianloungelondon.co.uk/-menu
The Shell,לונדון,,,,,,,5.0,219,13,2,4,2,240,,,,,,,7.0,
The Cocktail Trading Company,לונדון,"‪68 Bethnal Green Road‬, לונדון E1 6GQ אנגליה","מס' 62 מתוך 17,508 מסעדות בלונדון",50.0,50.0,45.0,45.0,5.0,149,15,2,1,2,169,"הזמנות, ישיבה, מגישה אלכוהול, בר מלא, שירות לשולחנות, מוזיקה חיה",,‪$$ - $$$‬,משקאות,http://www.thecocktailtradingco.co.uk/about,+44 20 7427 6097,,https://www.thecocktailtradingco.co.uk/menu
Bar 61 Restaurant,לונדון,"‪61A Streatham Hill‬, לונדון SW2 4TX אנגליה","מס' 63 מתוך 17,508 מסעדות בלונדון",45.0,50.0,45.0,50.0,5.0,"2,278",176,41,20,20,"2,535","ים תיכוני, אירופאי, ספרדי","ידידותי לצמחוניים, אפשרויות לטבעונים, אפשרויות ללא גלוטן",‪$$ - $$$‬,65 ₪ - 119 ₪,http://www.bar61.com/,+44 20 8671 0444,,http://www.bar61.com/valentines-day-menu-2017/
Yuu Kitchen,לונדון,"‪29 Commercial Street‬, לונדון E1 6NE אנגליה","מס' 66 מתוך 17,508 מסעדות בלונדון",50.0,45.0,45.0,,4.5,"1,055",161,45,19,7,"1,287","טייוואני, יפני, אסייתי","ידידותי לצמחוניים, אפשרויות לטבעונים, אפשרויות ללא גלוטן",‪$$ - $$$‬,63 ₪ - 105 ₪,http://www.yuukitchen.com/,+44 20 7377 0411,5.0,https://www.yuukitchen.com/wp-content/uploads/2019/04/YK-DINNER-DRINKS-A4-Mar-2019-PKM-FINAL.jpg
The Clink Restaurant,לונדון,"‪Brixton Jebb Avenue‬ Brixton, לונדון SW2 5XF אנגליה","מס' 71 מתוך 17,508 מסעדות בלונדון",45.0,50.0,45.0,50.0,5.0,859,165,14,2,1,"1,041","אירופאי, אנגלי, עכשווי","ידידותי לצמחוניים, אפשרויות לטבעונים, אפשרויות ללא גלוטן",‪$$ - $$$‬,84 ₪ - 168 ₪,http://theclinkcharity.org/restaurants/brixton,+44 20 8678 9007,,https://theclinkcharity.org/restaurants/brixton
Tower Tandoori,לונדון,"‪74-76 Tower Bridge Road‬, לונדון SE1 4TP אנגליה","מס' 74 מתוך 17,508 מסעדות בלונדון",45.0,45.0,40.0,45.0,4.5,"1,236",154,47,31,50,"1,518","הודי, אסייתי, בלטי, בנגלדשי, פיוז'ן","ידידותי לצמחוניים, אפשרויות לטבעונים, חלאל, אפשרויות ללא גלוטן",‪$$ - $$$‬,96 ₪ - 159 ₪,http://www.towertandoori.co.uk/,+44 20 7237 2247,7.0,http://towertandoori.co.uk/wp-content/uploads/2018/08/ALCARTE_40years.pdf
Daphne Restaurant,לונדון,"‪83 Bayham Street‬, לונדון NW1 0AG אנגליה","מס' 79 מתוך 17,508 מסעדות בלונדון",50.0,50.0,50.0,45.0,5.0,261,31,2,2,0,296,"ידידותי לצמחוניים, אפשרויות לטבעונים, אפשרויות ללא גלוטן","ארוחת צהריים, ארוחת ערב",‪$$ - $$$‬,"ים תיכוני, יווני",http://www.daphne-restaurant.com/,+44 20 7267 7322,,http://www.daphne-restaurant.com/menu.html
Amber Restaurant,לונדון,"‪21 Piazza Walk‬ Goodman's Fields, לונדון E1 8QH אנגליה","מס' 84 מתוך 17,508 מסעדות בלונדון",50.0,50.0,45.0,,5.0,233,28,3,4,1,269,"ים תיכוני, אירופאי, בריא, מזרח תיכוני","ידידותי לצמחוניים, אפשרויות לטבעונים, אפשרויות ללא גלוטן",‪$$ - $$$‬,29 ₪ - 92 ₪,,+44 20 7702 0700,,http://thisisamber.co.uk/
"Indian Express, West Kensington",לונדון,"‪3 North End Parade‬ West Kensington, לונדון W14 0SJ אנגליה","מס' 86 מתוך 17,508 מסעדות בלונדון",45.0,45.0,45.0,40.0,4.5,901,182,35,17,10,"1,145","ידידותי לצמחוניים, אפשרויות לטבעונים, חלאל, אפשרויות ללא גלוטן","ארוחת צהריים, ארוחת ערב, שעות הלילה המאוחרות",‪$$ - $$$‬,"הודי, אסייתי, בלטי",http://indianexpressonline.co.uk/,+44 20 7610 1777,,https://app.indianexpressonline.co.uk/#!/
Liman Restaurant,לונדון,"‪60 Penton Street‬ The Angel, לונדון N1 9PZ אנגליה","מס' 92 מתוך 17,508 מסעדות בלונדון",50.0,45.0,50.0,,5.0,"1,229",139,40,8,11,"1,427","ים תיכוני, אירופאי, טורקי, מזרח תיכוני","ידידותי לצמחוניים, אפשרויות לטבעונים, אפשרויות ללא גלוטן",‪$$ - $$$‬,42 ₪ - 96 ₪,http://www.liman.co.uk/,+44 20 3583 6442,7.0,http://www.liman.co.uk/documents/MAIN-MENU.pdf
Magic Falafel,לונדון,"‪Unit 312-313, Camden Market‬, לונדון NW1 8AH אנגליה","מס' 93 מתוך 17,508 מסעדות בלונדון",45.0,45.0,45.0,,5.0,210,23,2,1,3,239,"ידידותי לצמחוניים, אפשרויות לטבעונים, חלאל, אפשרויות ללא גלוטן","ארוחת צהריים, ארוחת ערב, בראנץ'",$,"מזון מהיר, ים תיכוני, מזרח תיכוני",http://magicfalafel.co.uk/,+44 7482 646499,,https://deliveroo.co.uk/menu/london/camden/magic-falafel-camden-market
Tonis Amalfi,לונדון,,,,,,,5.0,183,9,5,1,4,202,,,,,,,7.0,
Moira Restaurant,לונדון,"‪2 Mastmaker Road‬, לונדון E14 9AW אנגליה","מס' 101 מתוך 17,508 מסעדות בלונדון",45.0,50.0,45.0,,5.0,112,10,2,1,2,127,"ים תיכוני, טורקי, מזרח תיכוני","ידידותי לצמחוניים, אפשרויות לטבעונים, חלאל, אפשרויות ללא גלוטן",‪$$ - $$$‬,21 ₪ - 75 ₪,http://www.moirarestaurant.com/,+44 20 7538 9001,,
Sushi Tetsu,לונדון,"‪12 Jerusalem Passage‬, לונדון EC1V 4JP אנגליה","מס' 104 מתוך 17,508 מסעדות בלונדון",50.0,50.0,45.0,45.0,5.0,197,18,8,0,2,225,אפשרויות ללא גלוטן,ארוחת ערב,$$$$,"יפני, מאכלי ים, סושי, אסייתי",https://www.facebook.com/sushitetsulondon/,+44 20 3217 0090,,http://www.sushitetsu.co.uk/menu.html
taNgia,לונדון,"‪108 Mitcham Road‬ Tooting Broadway, לונדון SW17 9NG אנגליה","מס' 109 מתוך 17,508 מסעדות בלונדון",50.0,50.0,45.0,45.0,5.0,565,84,14,9,1,673,ים תיכוני,"ידידותי לצמחוניים, אפשרויות לטבעונים, חלאל",‪$$ - $$$‬,42 ₪ - 105 ₪,http://www.tangia.co.uk/,+44 20 3774 0779,,http://tangia.co.uk/food-menu/
Cafe Van Gogh,לונדון,"‪88 Brixton Road‬ Christ church, לונדון SW9 6BE אנגליה","מס' 114 מתוך 17,508 מסעדות בלונדון",50.0,50.0,45.0,,5.0,160,12,9,1,3,185,"בית קפה, אירופאי, אנגלי, בריא","ידידותי לצמחוניים, אפשרויות לטבעונים, אפשרויות ללא גלוטן",‪$$ - $$$‬,13 ₪ - 59 ₪,http://www.cafevangogh.co.uk/,+44 20 3903 9232,,http://www.cafevangogh.co.uk/menu
Bella Italia South Kensington,לונדון,"‪60 Old Brompton Road‬, לונדון SW7 3DY אנגליה","מס' 116 מתוך 17,508 מסעדות בלונדון",40.0,40.0,40.0,35.0,4.0,597,189,104,54,60,"1,004","ידידותי לצמחוניים, אפשרויות לטבעונים, אפשרויות ללא גלוטן","ארוחת צהריים, ארוחת ערב",‪$$ - $$$‬,"איטלקי, פיצה, ים תיכוני, בריא",https://www.bellaitalia.co.uk/italian-restaurant/london/south-kensington,+44 20 3004 0651,7.0,
Fine Foods,לונדון,"‪218 Long Lane‬, לונדון SE1 4QB אנגליה","מס' 122 מתוך 17,508 מסעדות בלונדון",50.0,50.0,45.0,45.0,5.0,194,27,5,2,2,230,"ידידותי לצמחוניים, אפשרויות לטבעונים, אפשרויות ללא גלוטן","ארוחת בוקר, ארוחת צהריים, ארוחת ערב",‪$$ - $$$‬,"איטלקי, ים תיכוני, אירופאי",http://www.finefoodse1.co.uk/,+44 20 7403 7513,,
Tomo Pizzeria & Restaurant,לונדון,"‪88 High Street‬, לונדון N8 7NU אנגליה","מס' 123 מתוך 17,508 מסעדות בלונדון",50.0,50.0,45.0,45.0,5.0,213,35,6,0,3,257,"ידידותי לצמחוניים, אפשרויות לטבעונים, אפשרויות ללא גלוטן","משקאות, ארוחת צהריים, ארוחת ערב",‪$$ - $$$‬,"איטלקי, פיצה, ים תיכוני, אירופאי, סיציליאני, דרום איטלקי",http://www.tomopizzeria.com/,+44 20 8348 0099,,http://www.tomopizzeria.com/a-la-carte-menu-tomo-pizzeria-and-restaurant
Home SW15,לונדון,"‪146 Upper Richmond Road‬, לונדון SW15 2SW אנגליה","מס' 126 מתוך 17,508 מסעדות בלונדון",45.0,50.0,45.0,,5.0,221,16,5,3,6,251,"אנגלי, בריא, אירופאי","ידידותי לצמחוניים, אפשרויות לטבעונים, אפשרויות ללא גלוטן",‪$$ - $$$‬,42 ₪ - 134 ₪,http://homesw15.com/,+44 20 8780 0592,7.0,https://linktr.ee/homesw15
Chojo,לונדון,"‪16 Garway Road‬, לונדון W2 4NH אנגליה","מס' 131 מתוך 17,508 מסעדות בלונדון",45.0,50.0,45.0,,5.0,277,26,12,3,4,322,"סיני, טייוואני, מאכלי רחוב","ידידותי לצמחוניים, אפשרויות לטבעונים, אפשרויות ללא גלוטן",‪$$ - $$$‬,63 ₪ - 377 ₪,http://www.chojo.co.uk/,+44 20 3286 8286,,https://www.chojo.co.uk/menu-preview
Trattoria Raffaele,לונדון,"‪94 Sydenham Road‬, לונדון SE26 5JX אנגליה","מס' 134 מתוך 17,508 מסעדות בלונדון",50.0,50.0,45.0,45.0,5.0,342,53,9,4,2,410,"איטלקי, פיצה, ים תיכוני","ידידותי לצמחוניים, אפשרויות לטבעונים, אפשרויות ללא גלוטן",‪$$ - $$$‬,63 ₪ - 126 ₪,http://trattoriaraffaele.com/,+44 20 8778 6262,,http://trattoriaraffaele.com/Menu.html
EaTurkish,לונדון,"‪172 Woolwich Road‬, לונדון SE7 7RA אנגליה","מס' 139 מתוך 17,508 מסעדות בלונדון",45.0,45.0,45.0,,4.5,281,13,4,2,13,313,"ידידותי לצמחוניים, אפשרויות לטבעונים, חלאל, אפשרויות ללא גלוטן","ארוחת צהריים, ארוחת ערב",$,"מזון מהיר, ים תיכוני, טורקי, מזרח תיכוני",http://www.eaturkish.co.uk/,+44 20 8465 5522,,https://www.eaturkish.co.uk/menus
Fast Break,לונדון,"‪113 Old Street‬, לונדון EC1V 9JR אנגליה","מס' 144 מתוך 17,508 מסעדות בלונדון",50.0,50.0,50.0,,4.5,180,17,5,5,3,210,"ידידותי לצמחוניים, אפשרויות לטבעונים, אפשרויות ללא גלוטן","ארוחת בוקר, ארוחת צהריים, בראנץ'",$,"בית קפה, אירופאי, אנגלי",https://www.facebook.com/FeastontheBreak/,+44 20 7253 3655,,
Galvin La Chapelle,לונדון,"‪35 Spital Square‬, לונדון E1 6DY אנגליה","מס' 146 מתוך 17,508 מסעדות בלונדון",45.0,45.0,40.0,45.0,4.5,"2,846",656,291,114,60,"3,967",צרפתי,"ידידותי לצמחוניים, אפשרויות לטבעונים, אפשרויות ללא גלוטן",$$$$,231 ₪ - 629 ₪,http://galvinrestaurants.com/restaurant/galvin-la-chapelle-the-city-michelin-star/,+44 20 7299 0400,7.0,https://galvinrestaurants.com/restaurant/galvin-la-chapelle-the-city-michelin-star/
Peninsula Restaurant,לונדון,"‪The 2 1 Waterview Drive‬ 2nd Floor, לונדון SE10 0TW אנגליה","מס' 152 מתוך 17,508 מסעדות בלונדון",45.0,50.0,45.0,,5.0,312,44,13,5,1,375,"אירופאי, אנגלי","ידידותי לצמחוניים, אפשרויות לטבעונים, אפשרויות ללא גלוטן",$$$$,117 ₪ - 252 ₪,http://www.peninsula-restaurant.com/,+44 20 8463 6868,,http://bit.ly/2kDFglW
Humble Grape Islington,לונדון,"‪11-13 Theberton Street‬ off Upper Street, לונדון N1 0QY אנגליה","מס' 153 מתוך 17,508 מסעדות בלונדון",45.0,45.0,45.0,,4.5,333,41,16,4,4,398,"אירופאי, בר יין","ידידותי לצמחוניים, אפשרויות ללא גלוטן, אפשרויות לטבעונים",‪$$ - $$$‬,42 ₪ - 163 ₪,http://www.humblegrape.co.uk/wine-bar/islington/,+44 20 3904 4480,,https://www.humblegrape.co.uk/menu/all-day-islington/?venueId=islington
Palms of Goa,לונדון,"‪12 Charlotte Street‬ Opposite to Charlotte Street Hotel, לונדון W1T 2LU אנגליה","מס' 156 מתוך 17,508 מסעדות בלונדון",45.0,45.0,45.0,35.0,4.5,605,203,58,20,18,904,"הודי, אסייתי, בריא","ידידותי לצמחוניים, אפשרויות לטבעונים, אפשרויות ללא גלוטן",‪$$ - $$$‬,84 ₪ - 126 ₪,http://www.palmsofgoa.com/,+44 20 7636 1668,7.0,http://palmsofgoa.com/?menu_categories=our-menu
Rodfai Thai street food,לונדון,,,,,,,5.0,119,13,2,3,1,138,,,,,,,,
Grato,לונדון,"‪9 Kensington Square‬, לונדון W8 5EP אנגליה","מס' 164 מתוך 17,508 מסעדות בלונדון",45.0,45.0,45.0,45.0,4.5,339,66,20,10,2,437,"איטלקי, ים תיכוני, טוסקאני, מרכז-איטלקי, צפון-איטלקי, דרום איטלקי","ידידותי לצמחוניים, אפשרויות לטבעונים, אפשרויות ללא גלוטן",‪$$ - $$$‬,21 ₪ - 105 ₪,http://gratolondon.com/,+44 20 3371 9338,6.0,https://www.gratolondon.com/#menus
Mangia Bene,לונדון,"‪18 Chapel Market‬ 5 min walk from Angel tube station., לונדון N1 9EZ אנגליה","מס' 169 מתוך 17,508 מסעדות בלונדון",45.0,45.0,45.0,35.0,4.5,276,83,21,6,9,395,"פיצה, ים תיכוני, נפוליטני, קמפניה, דרום איטלקי","ידידותי לצמחוניים, אפשרויות לטבעונים, אפשרויות ללא גלוטן",‪$$ - $$$‬,42 ₪ - 63 ₪,http://www.mangiabene.co.uk/,+44 20 7278 2825,,http://www.mangiabene.co.uk/
Rudy's Pizza Napoletana - Soho,לונדון,"‪80 Wardour Street‬ Soho, לונדון W1F 0TF אנגליה","מס' 174 מתוך 17,508 מסעדות בלונדון",50.0,45.0,45.0,,4.5,232,43,12,7,0,294,"ידידותי לצמחוניים, אפשרויות לטבעונים, אפשרויות ללא גלוטן","ארוחת צהריים, ארוחת ערב, משקאות",‪$$ - $$$‬,"פיצה, נפוליטני, קמפניה, דרום איטלקי, איטלקי",http://www.rudyspizza.co.uk/soho/,+44 20 3930 0868,7.0,https://www.rudyspizza.co.uk/menus/
Sam's Riverside,לונדון,"‪1 Crisp Walk‬, לונדון W6 9DN אנגליה","מס' 176 מתוך 17,508 מסעדות בלונדון",45.0,50.0,45.0,,4.5,182,30,5,6,2,225,"ידידותי לצמחוניים, אפשרויות לטבעונים, אפשרויות ללא גלוטן","ארוחת צהריים, ארוחת ערב, משקאות",‪$$ - $$$‬,"אנגלי, אירופאי",https://samsriverside.co.uk/,+44 20 8237 1020,6.0,https://menu.samsriverside.co.uk/
Little India,לונדון,"‪32 Gloucester Road‬, לונדון SW7 4RB אנגליה","מס' 182 מתוך 17,508 מסעדות בלונדון",45.0,45.0,40.0,35.0,4.5,"1,877",337,84,63,85,"2,446","ידידותי לצמחוניים, אפשרויות לטבעונים, אפשרויות ללא גלוטן","ארוחת צהריים, ארוחת ערב, שעות הלילה המאוחרות",‪$$ - $$$‬,הודי,http://www.littleindialondon.com/,+44 20 7584 3476,6.0,http://www.littleindialondon.com/menus.php
Chez Elles Bistroquet,לונדון,"‪45 Brick Lane‬, לונדון E1 6PU אנגליה","מס' 183 מתוך 17,508 מסעדות בלונדון",45.0,45.0,45.0,45.0,4.5,448,118,19,4,3,592,"בר יין, צרפתי, אירופאי","ידידותי לצמחוניים, אפשרויות לטבעונים, אפשרויות ללא גלוטן",‪$$ - $$$‬,63 ₪ - 197 ₪,http://www.chezellesbistroquet.co.uk/,+44 20 7247 9699,,http://www.chezellesbistroquet.co.uk/menu/
Venerdi,לונדון,,,,,,,4.5,300,70,23,21,27,441,,,,,,,7.0,
Medlar,לונדון,"‪438 Kings Road‬, לונדון SW10 0LJ אנגליה","מס' 194 מתוך 17,508 מסעדות בלונדון",45.0,45.0,45.0,45.0,4.5,771,194,42,13,7,"1,027","צרפתי, אירופאי, אנגלי","ידידותי לצמחוניים, אפשרויות לטבעונים, אפשרויות ללא גלוטן",$$$$,126 ₪ - 231 ₪,http://medlarrestaurant.co.uk/,+44 20 7349 1900,6.0,https://www.tripadvisor.co.il/Restaurant_Review-g186338-d2144126-Reviews-Medlar-London_England.html#
Revolution Putney,לונדון,"‪202 Upper Richmond Road‬, לונדון SW15 6TD אנגליה","מס' 199 מתוך 17,508 מסעדות בלונדון",40.0,45.0,40.0,,4.5,308,27,4,8,21,368,"ידידותי לצמחוניים, אפשרויות לטבעונים, אפשרויות ללא גלוטן","ארוחת בוקר, ארוחת צהריים, ארוחת ערב, בראנץ', משקאות",‪$$ - $$$‬,"בר, אנגלי, גסטרופאב",http://www.revolution-bars.co.uk/bar/putney/,+44 20 3957 7129,7.0,https://www.revolution-bars.co.uk/kitchen/food-menu/?utm_medium=websitedirect&utm_source=website&utm_campaign=foodmenumarch19&utm_content=campaignbanner&o=foodmenumarch19
Dhaba@49,לונדון,"‪49 Chippenham Road‬ Maida vale, לונדון W9 2AH אנגליה","מס' 204 מתוך 17,508 מסעדות בלונדון",45.0,45.0,45.0,,4.5,287,29,14,5,9,344,"הודי, אסייתי, מאכלי רחוב","ידידותי לצמחוניים, אפשרויות לטבעונים, חלאל, אפשרויות ללא גלוטן",‪$$ - $$$‬,84 ₪ - 126 ₪,http://www.dhaba49.com/,+44 20 3489 2424,,https://dhaba49.com/menu
Turtle Bay - Brixton,לונדון,"‪382-384 Brixton Road‬, לונדון SW9 7AW אנגליה","מס' 206 מתוך 17,508 מסעדות בלונדון",40.0,40.0,40.0,,4.5,954,167,88,55,90,"1,354","קריבי, ג'מייקני","ידידותי לצמחוניים, אפשרויות לטבעונים, אפשרויות ללא גלוטן",‪$$ - $$$‬,25 ₪ - 59 ₪,http://www.turtlebay.co.uk/,+44 20 7737 2264,7.0,https://www.turtlebay.co.uk/food-and-drink
The English Rose Cafe,לונדון,"‪4 Lower Grosvenor Place‬ Victoria, לונדון SW1W 0EJ אנגליה","מס' 212 מתוך 17,508 מסעדות בלונדון",45.0,45.0,45.0,45.0,4.5,570,203,40,34,35,882,"בית קפה, אנגלי","ידידותי לצמחוניים, אפשרויות לטבעונים, אפשרויות ללא גלוטן",$,21 ₪ - 50 ₪,http://www.theenglishrosecafe.co.uk/,+44 20 7976 6280,7.0,http://theenglishrosecafe.co.uk/menu
Angus Steakhouse Leicester Square,לונדון,"‪20 Cranbourn Street‬ Leicester Square, לונדון WC2H 7AD אנגליה","מס' 216 מתוך 17,508 מסעדות בלונדון",40.0,40.0,35.0,30.0,4.0,961,327,156,97,117,"1,658","מסעדת סטייקים, אנגלי",אפשרויות ללא גלוטן,‪$$ - $$$‬,106 ₪ - 212 ₪,http://angussteakhouse.co.uk/#our-restaurants,+44 20 7836 3782,7.0,http://angussteakhouse.co.uk/#menus
La Trompette,לונדון,"‪3-7 Devonshire Road‬, לונדון W4 2EU אנגליה","מס' 221 מתוך 17,508 מסעדות בלונדון",45.0,45.0,45.0,40.0,4.5,812,220,65,23,4,"1,124","צרפתי, אירופאי","ידידותי לצמחוניים, אפשרויות לטבעונים, אפשרויות ללא גלוטן",$$$$,101 ₪ - 205 ₪,http://www.latrompette.co.uk/,+44 20 8747 1836,5.0,http://www.latrompette.co.uk/menus/
L'oro di Napoli,לונדון,,,,,,,4.5,615,97,14,16,20,762,,,,,,,,
Bella Italia,לונדון,"‪70 St. Martin's Lane‬, לונדון WC2N 4JS אנגליה","מס' 229 מתוך 17,508 מסעדות בלונדון",40.0,40.0,40.0,35.0,4.0,383,194,76,48,43,744,"איטלקי, פיצה, ים תיכוני","ידידותי לצמחוניים, אפשרויות לטבעונים, אפשרויות ללא גלוטן",‪$$ - $$$‬,29 ₪ - 67 ₪,https://www.bellaitalia.co.uk/italian-restaurant/london/st-martins-lane,+44 20 3004 4421,7.0,
Wulf & Lamb - Chelsea,לונדון,"‪243 Pavilion Road‬ Chelsea, לונדון SW1X 0BP אנגליה","מס' 234 מתוך 17,508 מסעדות בלונדון",45.0,40.0,40.0,,4.5,403,71,42,24,26,566,"בינלאומי, בריא","ידידותי לצמחוניים, אפשרויות לטבעונים, חלאל, כשר, אפשרויות ללא גלוטן",‪$$ - $$$‬,42 ₪ - 75 ₪,http://www.wulfandlamb.com/,+44 20 3948 5999,7.0,http://wulfandlamb.com/eat/
Lanes of London,לונדון,"‪140 Park Lane‬, לונדון W1K 7AA אנגליה","מס' 236 מתוך 17,508 מסעדות בלונדון",45.0,45.0,40.0,40.0,4.5,375,95,45,26,8,549,אנגלי,"ידידותי לצמחוניים, אפשרויות לטבעונים, אפשרויות ללא גלוטן",‪$$ - $$$‬,75 ₪ - 105 ₪,https://www.lanesoflondon.co.uk/,+44 20 7647 5664,,https://www.tripadvisor.co.il/Restaurant_Review-g186338-d1006016-Reviews-Lanes_of_London-London_England.html#
Lord Wargrave,לונדון,"‪40-42 Brendon Street‬, לונדון W1H 5HE אנגליה","מס' 242 מתוך 17,508 מסעדות בלונדון",45.0,45.0,40.0,40.0,4.5,425,147,27,11,25,635,"בר, ברביקיו, אנגלי, פאב","ידידותי לצמחוניים, אפשרויות לטבעונים, אפשרויות ללא גלוטן",‪$$ - $$$‬,8 ₪ - 134 ₪,http://www.lordwargrave.com/,+44 20 7723 0559,7.0,https://static1.squarespace.com/static/5769626b29687f86bd67a9f0/t/5f0605d8c9545a0628e842f0/1594230233258/LWG+DAY+08.07.20.pdf
Zala grill,לונדון,"‪Camden Lock Place‬ Unit 39, לונדון NW1 8AL אנגליה","מס' 243 מתוך 17,508 מסעדות בלונדון",45.0,45.0,45.0,,4.5,231,32,10,2,11,286,"ים תיכוני, מזרח תיכוני, ישראלי","ידידותי לצמחוניים, אפשרויות לטבעונים, אפשרויות ללא גלוטן",‪$$ - $$$‬,25 ₪ - 67 ₪,http://zalagrill.com/,+44 20 3005 7453,,https://www.facebook.com/pg/zalagrill/photos/?tab=album&album_id=2164640663603503
Kibele Restaurant & Bar,לונדון,"‪175-177 Great Portland Street‬, לונדון W1W 5PJ אנגליה","מס' 68 מתוך 1,909 ים תיכוני בלונדון",45.0,45.0,45.0,,4.5,497,101,30,7,9,644,"ידידותי לצמחוניים, אפשרויות לטבעונים, חלאל, אפשרויות ללא גלוטן","ארוחת צהריים, ארוחת ערב, משקאות",‪$$ - $$$‬,"ים תיכוני, טורקי, מזרח תיכוני",http://kibele.co.uk/,+44 20 7436 0600,,https://kibelerestaurant.co.uk/wp-content/uploads/2022/05/Kibele-A3-2022-16-MAY-copy-2.pdf
Pizzetta Pizza,לונדון,"‪22 Bute Street‬, לונדון SW7 3EX אנגליה","מס' 251 מתוך 17,508 מסעדות בלונדון",45.0,45.0,45.0,,4.5,202,41,12,5,3,263,"איטלקי, פיצה, מזון מהיר","ידידותי לצמחוניים, אפשרויות ללא גלוטן",$,8 ₪ - 21 ₪,http://www.pizzettapizza.com/,+44 20 7584 9090,,
Jolie Chelsea,לונדון,"‪459 Kings Road‬ Chelsea Funhouse, לונדון SW10 0LR אנגליה","מס' 254 מתוך 17,508 מסעדות בלונדון",45.0,45.0,45.0,,4.5,148,29,11,1,3,192,"צרפתי, אירופאי","ידידותי לצמחוניים, אפשרויות לטבעונים",‪$$ - $$$‬,84 ₪ - 168 ₪,http://www.joliechelsea.com/,+44 20 8076 9846,6.0,https://www.joliechelsea.com/menu
Dulce Cafe,לונדון,"‪86 Whitechapel High Street‬, לונדון E1 7QX אנגליה","מס' 259 מתוך 17,508 מסעדות בלונדון",45.0,45.0,45.0,40.0,4.5,258,89,10,5,4,366,"ידידותי לצמחוניים, אפשרויות לטבעונים, אפשרויות ללא גלוטן","ארוחת בוקר, ארוחת צהריים, בראנץ'",$,"בית קפה, אירופאי, אנגלי, בריא, בינלאומי",http://www.dulcecoffeeandkitchen.com/,+44 20 7375 1636,,
Pure Indian Cooking,לונדון,"‪67 Fulham High Street‬, לונדון SW6 3JJ אנגליה","מס' 264 מתוך 17,508 מסעדות בלונדון",50.0,45.0,45.0,,4.5,204,34,5,5,6,254,"אסייתי, הודי","ידידותי לצמחוניים, אפשרויות לטבעונים, אפשרויות ללא גלוטן",‪$$ - $$$‬,147 ₪ - 231 ₪,http://www.pureindiancooking.com/,+44 20 7736 2521,,https://www.pureindiancooking.com/wp-content/uploads/2019/12/pure-a-la-carte-menu.pdf
Beck's cafe,לונדון,"‪28 Red Lion Street‬, לונדון WC1R 4PS אנגליה","מס' 266 מתוך 17,508 מסעדות בלונדון",45.0,45.0,45.0,40.0,4.5,206,83,6,3,5,303,"בית קפה, אנגלי","ידידותי לצמחוניים, אפשרויות לטבעונים",$,14 ₪ - 68 ₪,http://www.facebook.com/Becks-Cafe-113806445361130/,+44 20 7405 8565,,
Nonna Selena Pizzeria,לונדון,"‪18 Woburn Place‬, לונדון WC1H 0LN אנגליה","מס' 272 מתוך 17,508 מסעדות בלונדון",45.0,45.0,45.0,,4.5,204,14,8,9,8,243,"ידידותי לצמחוניים, אפשרויות לטבעונים","ארוחת צהריים, ארוחת ערב",‪$$ - $$$‬,"איטלקי, פיצה, ים תיכוני, אירופאי, נפוליטני, קמפניה, סיציליאני, דרום איטלקי",http://www.instagram.com/nonnaselena/?hl=en,+44 20 7837 4748,7.0,https://nonnaselena.com/menu
Casa Tua Camden,לונדון,"‪176 Royal College Street‬, לונדון NW1 0SP אנגליה","מס' 273 מתוך 17,508 מסעדות בלונדון",45.0,45.0,45.0,45.0,4.5,300,51,12,5,6,374,"בר יין, איטלקי, בית קפה, ים תיכוני","ידידותי לצמחוניים, אפשרויות לטבעונים, אפשרויות ללא גלוטן",‪$$ - $$$‬,42 ₪ - 105 ₪,http://www.casatualondon.com/,+44 20 8127 0460,,https://www.tripadvisor.co.il/Restaurant_Review-g186338-d6440616-Reviews-Casa_Tua_Camden-London_England.html#
Chettinad Restaurant,לונדון,"‪16 Percy Street‬ Soho, לונדון W1T 1DT אנגליה","מס' 276 מתוך 17,508 מסעדות בלונדון",45.0,45.0,45.0,40.0,4.5,"2,292",864,223,77,54,"3,510",הודי,"ידידותי לצמחוניים, אפשרויות לטבעונים, אפשרויות ללא גלוטן",‪$$ - $$$‬,21 ₪ - 147 ₪,http://www.chettinadrestaurant.com/,+44 20 3556 1229,7.0,http://www.chettinadrestaurant.com/menu-london.php
Constancia,לונדון,"‪52 Tanner Street‬, לונדון SE1 3PH אנגליה",מס' 5 מתוך 271 ברביקיו בלונדון,45.0,45.0,40.0,40.0,4.5,357,118,36,7,11,529,אפשרויות ללא גלוטן,"ארוחת צהריים, ארוחת ערב",‪$$ - $$$‬,"מסעדת סטייקים, ברביקיו, ארגנטינאי, דרום אמריקאי",http://www.constancia.co.uk/,+44 20 7234 0676,,http://www.constancia.co.uk/menu
Passyunk Avenue,לונדון,"‪80 Cleveland Street‬, לונדון W1T 6NE אנגליה","מס' 284 מתוך 17,508 מסעדות בלונדון",45.0,45.0,45.0,,4.5,284,45,17,10,5,361,"אמריקאי, בר","ידידותי לצמחוניים, אפשרויות ללא גלוטן",‪$$ - $$$‬,46 ₪ - 105 ₪,http://www.passyunk.co.uk/,+44 20 3960 2251,,
Randall & Aubin,לונדון,,,,,,,4.5,943,324,104,57,32,"1,460",,,,,,,,
Terry's Cafe London,לונדון,"‪158 Great Suffolk Street‬, לונדון SE1 1PE אנגליה","מס' 294 מתוך 17,508 מסעדות בלונדון",45.0,45.0,45.0,50.0,4.5,409,76,16,13,12,526,"בית קפה, אנגלי","ידידותי לצמחוניים, אפשרויות לטבעונים, אפשרויות ללא גלוטן",$,21 ₪ - 63 ₪,http://www.terryscafe.co.uk/,+44 20 7407 9358,,https://terryscafe.co.uk/menu
Light of India,לונדון,,,,,,,4.5,"1,030",326,101,42,71,"1,570",,,,,,,7.0,
Elvet Steakhouse,לונדון,"‪392 Romford Road‬ Forest Gate, לונדון E7 8DF אנגליה","מס' 302 מתוך 17,508 מסעדות בלונדון",45.0,45.0,40.0,,4.5,398,47,25,12,27,509,"חלאל, אפשרויות ללא גלוטן","ארוחת צהריים, ארוחת ערב",$$$$,"מסעדת סטייקים, גריל",http://elvetsteakhouse.co.uk/,+44 20 3601 9692,7.0,https://elvetsteakhouse.co.uk/menu/
Crust Bros,לונדון,"‪113 Waterloo Road‬, לונדון SE1 8UL אנגליה","מס' 303 מתוך 17,508 מסעדות בלונדון",45.0,40.0,40.0,,4.5,388,90,37,26,35,576,"פיצה, איטלקי","ידידותי לצמחוניים, אפשרויות לטבעונים, אפשרויות ללא גלוטן",$,21 ₪ - 42 ₪,http://www.crustbros.co.uk/,+44 20 3034 3424,7.0,https://www.crustbros.co.uk/menu
Mestizo,לונדון,"‪103 Hampstead Road‬, לונדון NW1 3EL אנגליה","מס' 306 מתוך 17,508 מסעדות בלונדון",40.0,40.0,40.0,40.0,4.5,834,293,113,77,71,"1,388","מקסיקני, לטיני, מרכז אמריקני","ידידותי לצמחוניים, אפשרויות לטבעונים, אפשרויות ללא גלוטן",‪$$ - $$$‬,51 ₪ - 109 ₪,http://www.mestizomx.com/,+44 20 7387 4064,7.0,http://london.mestizomx.com/main-menu/
Cookhouse Joe,לונדון,"‪55 Berwick Street‬, לונדון W1F 8SP אנגליה","מס' 311 מתוך 17,508 מסעדות בלונדון",45.0,45.0,45.0,45.0,4.5,757,245,61,15,13,"1,091","לבנוני, ים תיכוני","ידידותי לצמחוניים, אפשרויות לטבעונים, אפשרויות ללא גלוטן",$,17 ₪ - 50 ₪,http://cookhousejoe.com/,+44 7970 555355,,http://cookhousejoe.com/#menus
Coda Restaurant by Eric Chavot,לונדון,"‪Kensington Gore‬ Royal Albert Hall, לונדון SW7 2AP אנגליה","מס' 314 מתוך 17,508 מסעדות בלונדון",45.0,45.0,40.0,40.0,4.5,393,134,47,28,13,615,"ידידותי לצמחוניים, אפשרויות לטבעונים","ארוחת ערב, משקאות",$$$$,113 ₪ - 272 ₪,http://www.royalalberthall.com/plan-your-visit-essential-safety-information/food-and-drink/food/coda-restaurant-by-eric-chavot,+44 20 7589 8212,,https://www.royalalberthall.com/plan-your-visit-essential-safety-information/food-and-drink/food/coda-restaurant-by-eric-chavot/
Gaucho Tower Bridge,לונדון,"‪Riverside 2 More London Place‬ Tower Bridge, לונדון SE1 2DA אנגליה","מס' 319 מתוך 17,508 מסעדות בלונדון",45.0,45.0,35.0,40.0,4.5,"1,643",609,332,122,87,"2,793",ארגנטינאי,אפשרויות ללא גלוטן,$$$$,105 ₪ - 419 ₪,http://www.gauchorestaurants.com/restaurants/tower-bridge/,+44 20 7407 5222,7.0,https://www.gauchorestaurants.com/menus/
My Place Soho,לונדון,"‪21 Berwick Street‬ Soho, לונדון W1F 0PZ אנגליה","מס' 324 מתוך 17,508 מסעדות בלונדון",45.0,45.0,45.0,50.0,4.5,284,78,13,8,10,393,"ידידותי לצמחוניים, אפשרויות לטבעונים, אפשרויות ללא גלוטן","ארוחת צהריים, בראנץ', ארוחת בוקר, ארוחת ערב, משקאות",‪$$ - $$$‬,"אירופאי, אנגלי, בית קפה",http://myplacesoho.com/,+44 20 3417 2829,,
La Dame de Pic London,לונדון,"‪10 Trinity Square‬ Four Seasons Hotel London at Ten Trinity Square, לונדון EC3N 4AJ אנגליה","מס' 326 מתוך 17,508 מסעדות בלונדון",45.0,45.0,45.0,,4.5,275,44,27,7,8,361,"ידידותי לצמחוניים, אפשרויות לטבעונים, אפשרויות ללא גלוטן","ארוחת צהריים, ארוחת ערב, משקאות",$$$$,"צרפתי, אירופאי",http://www.ladamedepiclondon.co.uk/,+44 20 3297 3799,4.0,https://ladamedepiclondon.co.uk/menus/
imm Thai Fusion Wimbledon,לונדון,"‪162 The Broadway‬, לונדון SW19 1RX אנגליה","מס' 332 מתוך 17,508 מסעדות בלונדון",45.0,45.0,45.0,40.0,4.5,196,58,15,5,3,277,"אסייתי, תאילנדי, בינלאומי, וייטנאמי, מאכלי רחוב","ידידותי לצמחוניים, אפשרויות לטבעונים, אפשרויות ללא גלוטן",‪$$ - $$$‬,42 ₪ - 126 ₪,http://www.immthaifusion.co.uk/,+44 20 8545 0021,,https://immthaifusion.co.uk/menu/a-la-carte/
Flat Iron Covent Garden,לונדון,"‪17/18 Henrietta Street‬, לונדון WC2E 8QH אנגליה","מס' 333 מתוך 17,508 מסעדות בלונדון",45.0,45.0,45.0,,4.5,"2,488",773,163,62,56,"3,542","מסעדת סטייקים, אירופאי, אנגלי",אפשרויות ללא גלוטן,‪$$ - $$$‬,34 ₪ - 85 ₪,http://www.flatironsteak.co.uk/,+44 20 3019 4212,7.0,https://flatironsteak.co.uk/menu/
Buffalo American Grill & Tex-Mex,לונדון,"‪33-35 Greenwich Church Street‬, לונדון SE10 9JB אנגליה","מס' 336 מתוך 17,508 מסעדות בלונדון",45.0,45.0,40.0,,4.5,470,94,31,29,32,656,"מקסיקני, אמריקאי, מרכז אמריקני","ידידותי לצמחוניים, אפשרויות לטבעונים, אפשרויות ללא גלוטן",‪$$ - $$$‬,8 ₪ - 84 ₪,http://www.buffalo-greenwich.co.uk/,+44 20 8853 4880,7.0,http://www.buffalo-greenwich.co.uk/wp-content/uploads/2017/10/Buffalo-A4-Party-Menu-2017.pdf
Portobello Garden Caffe,לונדון,"‪Notting Hill 269B Portobello Road‬, לונדון W11 1LR אנגליה","מס' 341 מתוך 17,508 מסעדות בלונדון",45.0,45.0,45.0,45.0,4.5,331,96,15,7,14,463,"ידידותי לצמחוניים, אפשרויות לטבעונים, אפשרויות ללא גלוטן","ארוחת צהריים, ארוחת ערב, בראנץ'",‪$$ - $$$‬,"איטלקי, ים תיכוני, רומאי, לאציו, סיציליאני, מרכז-איטלקי, דרום איטלקי",https://www.facebook.com/Portobello-Garden-Caffe-654459517967701/,+44 20 7792 8419,,
bobochacha,לונדון,"‪192 Tooting High Street, Tooting‬, לונדון SW17 0SF אנגליה","מס' 344 מתוך 17,508 מסעדות בלונדון",50.0,50.0,50.0,,5.0,70,1,1,1,0,73,"ידידותי לצמחוניים, אפשרויות לטבעונים","ארוחת צהריים, ארוחת ערב, משקאות",‪$$ - $$$‬,"סיני, יפני, אסייתי, מלזי",http://www.bobochacha.com/,+44 20 8672 4250,6.0,https://www.bobochacha.com/our-menu
Augustus Harris,לונדון,"‪33 Catherine Street‬, לונדון WC2B 5JT אנגליה","מס' 349 מתוך 17,508 מסעדות בלונדון",45.0,45.0,45.0,45.0,4.5,160,48,12,3,2,225,"בר יין, איטלקי, ים תיכוני, אירופאי","ידידותי לצמחוניים, אפשרויות ללא גלוטן",‪$$ - $$$‬,42 ₪ - 126 ₪,http://www.augustusharris.com/,+44 20 7240 7111,,http://www.augustusharris.com/menu
Buen Ayre,לונדון,"‪50 Broadway Market E8 4QJ‬, לונדון E8 4QJ אנגליה","מס' 354 מתוך 17,508 מסעדות בלונדון",45.0,45.0,40.0,45.0,4.5,321,106,20,9,13,469,"מסעדת סטייקים, ברביקיו, ארגנטינאי",אפשרויות ללא גלוטן,‪$$ - $$$‬,177 ₪ - 707 ₪,http://www.buenayre.co.uk/,+44 20 7275 9900,7.0,http://buenayre.net/lunch-menu/
Pizza Pilgrims,לונדון,"‪11 Kingly Street‬, לונדון W1B 5PL אנגליה","מס' 356 מתוך 17,508 מסעדות בלונדון",40.0,40.0,40.0,40.0,4.5,607,280,85,42,43,"1,057","איטלקי, נפוליטני, קמפניה, דרום איטלקי","ידידותי לצמחוניים, אפשרויות לטבעונים",$,21 ₪ - 63 ₪,http://pizzapilgrims.co.uk/pizzerias/kingly-st-carnaby/,+44 20 7287 2200,7.0,https://www.pizzapilgrims.co.uk/venues/carnaby/
The Grill at The Dorchester,לונדון,"‪53 Park Lane‬ The Dorchester Hotel, לונדון W1K 1QA אנגליה","מס' 362 מתוך 17,508 מסעדות בלונדון",45.0,45.0,40.0,45.0,4.5,689,153,95,35,17,989,"ידידותי לצמחוניים, אפשרויות לטבעונים, אפשרויות ללא גלוטן","ארוחת צהריים, ארוחת ערב, בראנץ'",$$$$,"אירופאי, אנגלי, גריל",https://www.dorchestercollection.com/en/london/the-dorchester/restaurants-bars/the-grill-at-the-dorchester/,+44 20 7629 8888,6.0,https://www.dorchestercollection.com/en/london/the-dorchester/restaurants-bars/the-grill-at-the-dorchester/#menu
Sanzio,לונדון,"‪26 Station Parade‬ Willesden Green, לונדון NW2 4NH אנגליה","מס' 363 מתוך 17,508 מסעדות בלונדון",45.0,45.0,45.0,45.0,4.5,215,62,18,7,11,313,"איטלקי, פיצה, סיציליאני, דרום איטלקי","ידידותי לצמחוניים, אפשרויות לטבעונים, אפשרויות ללא גלוטן",‪$$ - $$$‬,67 ₪ - 252 ₪,http://booking.resdiary.com/widget/Standard/Sanzio/440?ChannelCode=tripadvisor,+44 20 8830 5221,6.0,https://www.sanziorestaurant.co.uk/antipasti-menu
Hood,לונדון,"‪67 Streatham Hill‬ Streatham, לונדון SW2 4TX אנגליה","מס' 366 מתוך 17,508 מסעדות בלונדון",45.0,45.0,45.0,45.0,4.5,207,70,17,4,4,302,"אירופאי, אנגלי","ידידותי לצמחוניים, אפשרויות לטבעונים, אפשרויות ללא גלוטן",‪$$ - $$$‬,42 ₪ - 293 ₪,http://www.hoodrestaurants.com/,+44 20 3601 3320,,https://www.hoodrestaurants.com/menu/
Honest Burgers - Borough,לונדון,"‪5-7 Southwark Street‬, לונדון SE1 1RQ אנגליה","מס' 371 מתוך 17,508 מסעדות בלונדון",45.0,45.0,45.0,,4.5,276,82,25,6,7,396,"אמריקאי, אנגלי","אפשרויות לטבעונים, ידידותי לצמחוניים, אפשרויות ללא גלוטן",‪$$ - $$$‬,34 ₪ - 42 ₪,https://www.honestburgers.co.uk/locations/borough/,+44 20 3096 9485,,https://www.tripadvisor.co.il/Restaurant_Review-g186338-d12460798-Reviews-Honest_Burgers_Borough-London_England.html#
Prawn on the Lawn,לונדון,"‪292-294 St. Pauls Road‬ Highbury East, לונדון N1 2LL אנגליה","מס' 374 מתוך 17,508 מסעדות בלונדון",45.0,45.0,45.0,45.0,4.5,268,64,22,6,12,372,"מאכלי ים, אנגלי, בריא, בינלאומי",אפשרויות ללא גלוטן,‪$$ - $$$‬,42 ₪ - 105 ₪,http://www.prawnonthelawn.com/,+44 20 3302 8668,,http://www.prawnonthelawn.com/#menu
The Library at County Hall,לונדון,"‪County Hall Westminster Bridge Road‬ Flats And Block Names, לונדון SE1 7PB אנגליה","מס' 379 מתוך 17,508 מסעדות בלונדון",45.0,45.0,45.0,45.0,4.5,645,121,56,29,17,868,"ידידותי לצמחוניים, אפשרויות לטבעונים, אפשרויות ללא גלוטן",ארוחת צהריים,‪$$ - $$$‬,אנגלי,http://www.thelibraryatcountyhall.com/,+44 20 7902 8000,,https://www.thelibraryatcountyhall.com/menus
Chisou Japanese Restaurant,לונדון,"‪22-23 Woodstock Street‬, לונדון W1C 2AR אנגליה","מס' 384 מתוך 17,508 מסעדות בלונדון",45.0,45.0,40.0,40.0,4.5,369,146,43,24,19,601,"יפני, סושי, אסייתי","ידידותי לצמחוניים, אפשרויות לטבעונים, אפשרויות ללא גלוטן",‪$$ - $$$‬,147 ₪ - 335 ₪,http://www.chisourestaurant.com/mayfair,+44 20 7629 3931,7.0,http://www.chisourestaurant.com/
Roxie Steak - Earlsfield,לונדון,"‪585 Garratt Lane‬ Earlsfield, לונדון SW18 4ST אנגליה","מס' 386 מתוך 17,508 מסעדות בלונדון",45.0,45.0,45.0,40.0,4.5,223,89,15,7,7,341,אפשרויות ללא גלוטן,"ארוחת צהריים, ארוחת ערב, שעות הלילה המאוחרות",‪$$ - $$$‬,"ברביקיו, מסעדת סטייקים",http://www.roxiesteak.co.uk/,+44 20 8944 9602,,https://www.roxiesteak.co.uk/assets/pdf/roxie-simplified-main-menu-website.pdf
African Gallery Kitchen,לונדון,"‪102 Drummond Street‬, לונדון NW1 2HN אנגליה","מס' 392 מתוך 17,508 מסעדות בלונדון",45.0,45.0,45.0,45.0,4.5,339,88,14,11,17,469,"ידידותי לצמחוניים, אפשרויות לטבעונים, אפשרויות ללא גלוטן","ארוחת ערב, ארוחת צהריים, שעות הלילה המאוחרות",‪$$ - $$$‬,אפריקני,http://africankitchen.gallery/,+44 20 7383 0918,,https://africankitchen.gallery/african-kitchen-gallery-menu/
mallow,לונדון,"‪1 Cathedral Street‬ Borough Market, לונדון SE1 9DE אנגליה","מס' 396 מתוך 17,508 מסעדות בלונדון",45.0,45.0,45.0,,4.5,86,8,8,2,0,104,בינלאומי,"אפשרויות לטבעונים, ידידותי לצמחוניים, אפשרויות ללא גלוטן",‪$$ - $$$‬,10 ₪ - 55 ₪,http://www.mallowlondon.com/,+44 20 7846 8785,,https://www.mallowlondon.com/menus
Chez Antoinette,לונדון,"‪ The Piazza‬ Lower floor, לונדון WC2E 8RE אנגליה","מס' 401 מתוך 17,508 מסעדות בלונדון",45.0,45.0,45.0,50.0,4.5,635,243,51,12,8,949,"צרפתי, אירופאי, בריא","ידידותי לצמחוניים, אפשרויות לטבעונים, אפשרויות ללא גלוטן",‪$$ - $$$‬,17 ₪ - 50 ₪,http://www.chezantoinette.co.uk/,+44 20 7240 9072,,http://www.chezantoinette.co.uk/covent-garden/
Mildreds Soho,לונדון,"‪45 Lexington Street‬, לונדון W1F 9AN אנגליה","מס' 404 מתוך 17,508 מסעדות בלונדון",45.0,40.0,40.0,40.0,4.5,"1,540",667,222,100,60,"2,589","אפשרויות לטבעונים, ידידותי לצמחוניים, אפשרויות ללא גלוטן","ארוחת צהריים, ארוחת ערב, בראנץ', משקאות",‪$$ - $$$‬,"אנגלי, בריא, בינלאומי",http://www.mildreds.co.uk/,+44 20 7494 1634,7.0,https://www.mildreds.co.uk/soho/
Simpson's in The Strand,לונדון,"‪100 Strand‬ Covent Garden, לונדון WC2R 0EW אנגליה","מס' 409 מתוך 17,508 מסעדות בלונדון",45.0,45.0,40.0,,4.5,603,152,63,39,12,869,אנגלי,"ידידותי לצמחוניים, אפשרויות ללא גלוטן",$$$$,101 ₪ - 252 ₪,http://www.simpsonsinthestrand.co.uk/,+44 20 7420 2116,,https://www.simpsonsinthestrand.co.uk/bill-of-fare/lunch-dinner
The Marquis,לונדון,"‪51-52 Chandos Place‬, לונדון WC2N 4HS אנגליה","מס' 414 מתוך 17,508 מסעדות בלונדון",45.0,45.0,45.0,40.0,4.5,188,88,20,4,12,312,"בר, אנגלי, פאב","ידידותי לצמחוניים, אפשרויות לטבעונים, אפשרויות ללא גלוטן",‪$$ - $$$‬,21 ₪ - 59 ₪,http://www.mspubs.co.uk/,+44 20 7379 0367,,
Honest Burgers - Camden,לונדון,"‪Unit 34A Camden Lock Place‬ Camden Lock Place, לונדון NW1 8AF אנגליה","מס' 416 מתוך 17,508 מסעדות בלונדון",45.0,45.0,45.0,40.0,4.5,402,168,30,15,12,627,"מזון מהיר, אנגלי","אפשרויות לטבעונים, ידידותי לצמחוניים, אפשרויות ללא גלוטן",$,34 ₪ - 42 ₪,https://www.honestburgers.co.uk/locations/camden/,+44 20 3597 6259,,https://www.tripadvisor.co.il/Restaurant_Review-g186338-d4565320-Reviews-Honest_Burgers_Camden-London_England.html#
Lobby Bar at One Aldwych,לונדון,"‪1 Aldwych‬ One Aldwych Hotel, לונדון WC2B 4BZ אנגליה","מס' 422 מתוך 17,508 מסעדות בלונדון",45.0,45.0,40.0,45.0,4.5,620,191,56,25,18,910,"ידידותי לצמחוניים, אפשרויות לטבעונים, אפשרויות ללא גלוטן","ארוחת בוקר, ארוחת צהריים, משקאות",$$$$,"אנגלי, בר, בר יין",http://www.onealdwych.com/food-drink/lobby-bar/lobby-bar-menus/,+44 20 7300 1070,7.0,https://www.onealdwych.com/food-drink/the-lobby-bar
Bokan 37 Restaurant,לונדון,"‪Floor 37-39, 40 Marsh Wall‬, לונדון E14 9TP אנגליה","מס' 154 מתוך 4,511 אנגלי בלונדון",45.0,40.0,40.0,,4.5,516,117,56,39,37,765,"ידידותי לצמחוניים, אפשרויות לטבעונים, אפשרויות ללא גלוטן","ארוחת צהריים, ארוחת ערב, בראנץ', משקאות",‪$$ - $$$‬,"אירופאי, אנגלי",http://bokanlondon.co.uk/,+44 20 3530 0550,5.0,https://www.tripadvisor.co.il/Restaurant_Review-g186338-d12156905-Reviews-Bokan_37_Restaurant-London_England.html#
Petrus by Gordon Ramsay,לונדון,"‪1 Kinnerton Street‬ Knightsbridge, לונדון SW1X 8EA אנגליה","מס' 426 מתוך 17,508 מסעדות בלונדון",45.0,45.0,45.0,45.0,4.5,"3,150",559,269,82,58,"4,118","צרפתי, אירופאי","ידידותי לצמחוניים, אפשרויות לטבעונים, אפשרויות ללא גלוטן",$$$$,231 ₪ - 503 ₪,http://www.gordonramsayrestaurants.com/petrus,+44 20 7592 1609,5.0,https://www.gordonramsayrestaurants.com/petrus/menus/
Pizza Union Holborn,לונדון,,,,,,,5.0,62,8,0,1,0,71,,,,,,,,
Hawksmoor Borough,לונדון,,,,,,,4.5,452,148,60,26,13,699,,,,,,,7.0,
Bizzarro,לונדון,"‪18-22 Craven Road‬, לונדון W2 3PX אנגליה","מס' 444 מתוך 17,508 מסעדות בלונדון",45.0,45.0,40.0,40.0,4.5,"1,119",711,215,71,47,"2,163","ידידותי לצמחוניים, אפשרויות לטבעונים, אפשרויות ללא גלוטן","ארוחת צהריים, ארוחת ערב, שעות הלילה המאוחרות",‪$$ - $$$‬,"איטלקי, פיצה, ים תיכוני, אירופאי, נפוליטני, קמפניה, רומאי, לאציו, מרכז-איטלקי, דרום איטלקי",http://www.bizzarro.co.uk/,+44 20 7723 6029,7.0,http://www.bizzarro.co.uk/menus.htm
Railway Bell,לונדון,,,,,,,4.5,169,25,4,7,8,213,,,,,,,7.0,
Zaibatsu,לונדון,"‪96 Trafalgar Road‬ Greenwich, לונדון SE10 9UW אנגליה","מס' 452 מתוך 17,508 מסעדות בלונדון",45.0,45.0,45.0,35.0,4.5,594,155,48,22,21,840,"יפני, סושי, אסייתי","ידידותי לצמחוניים, אפשרויות לטבעונים, אפשרויות ללא גלוטן",$,17 ₪ - 61 ₪,http://www.zaibatsufusion.co.uk/,+44 20 8858 9317,,
Lord Nelson,לונדון,"‪243 Union Street‬ Southwark, לונדון SE1 0LR אנגליה","מס' 453 מתוך 17,508 מסעדות בלונדון",45.0,45.0,45.0,45.0,4.5,287,141,21,9,14,472,"בר, אנגלי, פאב","ידידותי לצמחוניים, אפשרויות לטבעונים, אפשרויות ללא גלוטן",‪$$ - $$$‬,42 ₪ - 75 ₪,http://www.lordnelsonsouthwark.com/,+44 20 7207 2701,,https://www.lordnelsonsouthwark.com/menu-2/
10 Greek Street,לונדון,"‪10 Greek Street‬, לונדון W1D 4DH אנגליה","מס' 154 מתוך 2,581 אירופאי בלונדון",45.0,45.0,45.0,45.0,4.5,338,178,35,7,9,567,"ידידותי לצמחוניים, אפשרויות לטבעונים, אפשרויות ללא גלוטן","ארוחת צהריים, ארוחת ערב, שעות הלילה המאוחרות",‪$$ - $$$‬,אירופאי,http://www.10greekstreet.com/,+44 20 7734 4677,,https://www.10greekstreet.com/site/menu/
Publiq.,לונדון,"‪1 Palace Gate‬ 1 D, לונדון W8 5LS אנגליה","מס' 461 מתוך 17,508 מסעדות בלונדון",50.0,50.0,45.0,,5.0,64,0,1,1,0,66,"בר, אנגלי, גסטרופאב, ברים עם אוכל",ידידותי לצמחוניים,‪$$ - $$$‬,126 ₪ - 210 ₪,http://www.publiq.london/,+44 20 3417 6768,6.0,https://www.publiq.london/pdf/Publiq_Menu_Food_Dessert_08.12.21.pdf
Marcus,לונדון,"‪Knightsbridge‬ Wilton Place, לונדון SW1X 7RL אנגליה","מס' 464 מתוך 17,508 מסעדות בלונדון",45.0,45.0,40.0,40.0,4.5,"1,701",399,261,120,38,"2,519","צרפתי, אירופאי, אנגלי","ידידותי לצמחוניים, אפשרויות לטבעונים, אפשרויות ללא גלוטן",$$$$,"210 ₪ - 2,096 ₪",https://www.marcusrestaurant.com/,+44 20 7235 1200,5.0,https://www.marcusrestaurant.com/#menus
The Queens Head,לונדון,"‪15 Denman Street‬ Piccadilly, לונדון W1D 7HN אנגליה","מס' 469 מתוך 17,508 מסעדות בלונדון",45.0,45.0,45.0,45.0,4.5,677,372,63,13,15,"1,140","בר, אנגלי, פאב","ידידותי לצמחוניים, אפשרויות ללא גלוטן",‪$$ - $$$‬,38 ₪ - 67 ₪,http://queensheadpiccadilly.com/index.php,+44 20 7437 1540,,https://www.queensheadpiccadilly.com/
The Port House,לונדון,"‪417‬ Strand, לונדון WC2R 0PD אנגליה","מס' 474 מתוך 17,508 מסעדות בלונדון",45.0,45.0,45.0,45.0,4.5,826,309,56,24,18,"1,233","ידידותי לצמחוניים, אפשרויות לטבעונים, אפשרויות ללא גלוטן","ארוחת צהריים, ארוחת ערב, בראנץ', שעות הלילה המאוחרות, משקאות",‪$$ - $$$‬,"ים תיכוני, אירופאי, ספרדי, בר יין, קטלאנית",http://www.porthouse.ie/strand/,+44 20 7836 7764,,https://porthouse.ie/wp-content/uploads/2020/08/tapas-menu-strand2020.pdf
Chino Latino,לונדון,"‪18 Albert Embankment‬ Park Plaza Riverbank Hotel, לונדון SE1 7TJ אנגליה","מס' 476 מתוך 17,508 מסעדות בלונדון",45.0,45.0,40.0,45.0,4.5,933,283,78,35,28,"1,357","לטיני, סושי, אסייתי, פיוז'ן","ידידותי לצמחוניים, אפשרויות לטבעונים, אפשרויות ללא גלוטן",$$$$,105 ₪ - 293 ₪,http://www.chinolatino.eu/london,+44 20 7769 2500,,https://www.chinolatino.eu/wp-content/uploads/2019/09/Chino-Latino-Menu-RESTAURANT_September_2019.pdf
Olives and Meze,לונדון,"‪131 Clapham High Street‬, לונדון SW4 7SS אנגליה","מס' 482 מתוך 17,508 מסעדות בלונדון",45.0,45.0,45.0,45.0,4.5,208,87,18,2,7,322,"ים תיכוני, אירופאי, טורקי, יווני, מזרח תיכוני","ידידותי לצמחוניים, אפשרויות לטבעונים, חלאל, אפשרויות ללא גלוטן",‪$$ - $$$‬,34 ₪ - 63 ₪,http://www.olivesandmeze.co.uk/,+44 20 3583 7790,7.0,https://www.tripadvisor.co.il/Restaurant_Review-g186338-d6999309-Reviews-Olives_and_Meze-London_England.html#
Murano,לונדון,"‪20 Queen Street‬, לונדון W1J 5PP אנגליה","מס' 483 מתוך 17,508 מסעדות בלונדון",45.0,45.0,40.0,45.0,4.5,"1,307",323,176,61,22,"1,889","ידידותי לצמחוניים, אפשרויות לטבעונים, אפשרויות ללא גלוטן","ארוחת צהריים, ארוחת ערב, שעות הלילה המאוחרות",$$$$,"איטלקי, אירופאי",http://www.muranolondon.com/,+44 20 7495 1127,6.0,https://www.muranolondon.com/food-and-wine/
The Bike Shed,לונדון,"‪384 Old Street‬ On the corner of Old Street & Shoreditch High Street, לונדון EC1V 9LT אנגליה","מס' 486 מתוך 17,508 מסעדות בלונדון",45.0,45.0,40.0,,4.5,421,173,51,24,12,681,"אמריקאי, בר, אירופאי, אנגלי","ידידותי לצמחוניים, אפשרויות לטבעונים, אפשרויות ללא גלוטן",‪$$ - $$$‬,34 ₪ - 168 ₪,http://bikeshedmoto.com/,+44 20 7729 8114,6.0,https://thebikeshed.cc/wp-content/uploads/2019/06/A3-Outdoor-menu-final-6.pdf
Restaurant Gordon Ramsay,לונדון,"‪68 Royal Hospital Road‬, לונדון SW3 4HP אנגליה","מס' 491 מתוך 17,508 מסעדות בלונדון",50.0,50.0,45.0,45.0,4.5,"2,595",399,168,63,43,"3,268","צרפתי, אירופאי, אנגלי, עכשווי","ידידותי לצמחוניים, אפשרויות לטבעונים, אפשרויות ללא גלוטן",$$$$,293 ₪ - 775 ₪,http://www.gordonramsayrestaurants.com/restaurant-gordon-ramsay/,+44 20 7352 4441,5.0,https://www.gordonramsayrestaurants.com/restaurant-gordon-ramsay/menus/
Pollen Street Social,לונדון,"‪8-10 Pollen Street‬, לונדון W1S 1NG אנגליה","מס' 494 מתוך 17,508 מסעדות בלונדון",45.0,45.0,40.0,45.0,4.5,"1,976",537,234,104,57,"2,908","ידידותי לצמחוניים, אפשרויות לטבעונים, אפשרויות ללא גלוטן","ארוחת צהריים, ארוחת ערב",$$$$,"אירופאי, אנגלי",http://www.pollenstreetsocial.com/,+44 20 7290 7600,5.0,https://pollenstreetsocial.com/#menus
Naughty piglets,לונדון,"‪28 Brixton Water Lane‬, לונדון SW2 1PE אנגליה","מס' 499 מתוך 17,508 מסעדות בלונדון",50.0,45.0,45.0,,4.5,194,38,12,3,7,254,"ידידותי לצמחוניים, אפשרויות ללא גלוטן","ארוחת צהריים, ארוחת ערב",‪$$ - $$$‬,אירופאי,http://www.naughtypiglets.co.uk/,+44 20 7274 7796,5.0,http://www.naughtypiglets.co.uk/menus
Gaucho Broadgate,לונדון,"‪5 Finsbury Avenue‬ Broadgate, לונדון EC2M 2PJ אנגליה","מס' 504 מתוך 17,508 מסעדות בלונדון",45.0,45.0,40.0,40.0,4.5,439,177,49,27,21,713,"מסעדת סטייקים, ארגנטינאי",אפשרויות ללא גלוטן,$$$$,84 ₪ - 419 ₪,http://www.gauchorestaurants.com/restaurants/broadgate/,+44 20 7256 6877,6.0,https://www.tripadvisor.co.il/Restaurant_Review-g186338-d1021847-Reviews-Gaucho_Broadgate-London_England.html#
The Empress,לונדון,"‪141 Leman Street‬, לונדון E1 8EY אנגליה","מס' 506 מתוך 17,508 מסעדות בלונדון",45.0,45.0,45.0,40.0,4.5,541,182,40,20,42,825,"הודי, אסייתי, בלטי, בנגלדשי","ידידותי לצמחוניים, אפשרויות לטבעונים, אפשרויות ללא גלוטן",‪$$ - $$$‬,42 ₪ - 84 ₪,http://www.theempress.co.uk/,+44 20 7265 0745,,http://www.theempress.co.uk/#menu
Frog XVI,פריס,"‪110 B avenue Kleber‬, 75116 פריס צרפת","מס' 2 מתוך 15,912 מסעדות בפריס",40.0,45.0,40.0,40.0,4.5,"1,295",266,87,44,61,"1,753","אמריקאי, בר, פאב, פאב מבשלה","ידידותי לצמחוניים, אפשרויות לטבעונים",‪$$ - $$$‬,40 ₪ - 61 ₪,http://www.frogpubs.com/pub-frog-xvi-paris-5.php,+33 1 42 77 08 21,7.0,http://www.frogpubs.com/menus.php
Il Etait Un Square,פריס,"‪54 rue Corvisart‬, 75013 פריס צרפת","מס' 3 מתוך 15,912 מסעדות בפריס",50.0,50.0,45.0,45.0,5.0,"3,283",421,79,23,14,"3,820",ידידותי לצמחוניים,ארוחת צהריים,‪$$ - $$$‬,"צרפתי, מסעדת סטייקים, אירופאי",http://www.iletaitunsquare.com/accueil.html,+33 1 43 37 68 07,6.0,
New Jawad Longchamp,פריס,,,,,,,5.0,"2,539",175,70,30,36,"2,850",,,,,,,7.0,
Gosier,פריס,"‪27 rue Rodier‬, 75009 פריס צרפת","מס' 11 מתוך 15,912 מסעדות בפריס",50.0,50.0,50.0,,5.0,128,6,0,1,0,135,ארוחת ערב,"הזמנות, ישיבה בחוץ, ישיבה, מגישה אלכוהול, שירות לשולחנות",‪$$ - $$$‬,"צרפתי, בריא",http://www.gosier-paris.fr/,+33 6 25 42 78 04,5.0,https://www.gosier-paris.fr/menu/
Mayfair Garden,פריס,"‪33 rue de Longchamp‬ Champs eylees trocadero, 75116 פריס צרפת","מס' 14 מתוך 15,912 מסעדות בפריס",50.0,50.0,45.0,,5.0,993,76,9,5,15,"1,098","הודי, בריא, פקיסטני, עכשווי","חלאל, ידידותי לצמחוניים, אפשרויות ללא גלוטן",‪$$ - $$$‬,108 ₪ - 217 ₪,http://www.mayfairgarden-paris.fr/,+33 1 42 56 91 92,6.0,https://www.mayfairgarden-paris.fr/menus-carte/
Origines,פריס,"‪6 rue de Ponthieu‬, 75008 פריס צרפת","מס' 19 מתוך 15,912 מסעדות בפריס",50.0,45.0,45.0,,5.0,149,3,2,0,2,156,"ארוחת צהריים, ארוחת ערב, שעות הלילה המאוחרות","הזמנות, ישיבה, נגישות לכיסא גלגלים, מגישה אלכוהול, מקבל כרטיסי אשראי, שירות לשולחנות, חניה ברחוב, מסעדות ללא עישון",$$$$,"צרפתי, אירופאי, בריא",https://www.origines-restaurant.com/,+33 9 86 41 63 04,5.0,https://www.origines-restaurant.com/menus-carte/
Mian Fan,פריס,,,,,,,5.0,409,55,8,4,6,482,,,,,,,7.0,
Terra Mia,פריס,"‪118 boulevard du Montparnasse‬, 75014 פריס צרפת","מס' 26 מתוך 15,912 מסעדות בפריס",50.0,50.0,45.0,,5.0,457,46,5,6,7,521,"איטלקי, ים תיכוני, נפוליטני, קמפניה, דרום איטלקי","ידידותי לצמחוניים, אפשרויות לטבעונים, אפשרויות ללא גלוטן",‪$$ - $$$‬,36 ₪ - 108 ₪,http://www.terramia.name/,+33 9 54 47 71 70,,
114 Faubourg,פריס,"‪114 rue du Faubourg Saint Honore‬, 75008 פריס צרפת","מס' 32 מתוך 15,912 מסעדות בפריס",45.0,50.0,45.0,45.0,4.5,"1,467",265,64,21,5,"1,822","ידידותי לצמחוניים, אפשרויות לטבעונים, אפשרויות ללא גלוטן","ארוחת צהריים, ארוחת ערב, שעות הלילה המאוחרות",$$$$,"צרפתי, אירופאי",http://www.oetkercollection.com/fr/hotels/le-bristol-paris/restaurants-et-bar/114-faubourg/,+33 1 53 43 43 00,7.0,
Frog & Underground,פריס,"‪176 rue Montmartre‬, 75002 פריס צרפת","מס' 33 מתוך 15,912 מסעדות בפריס",45.0,50.0,45.0,,5.0,834,127,25,10,7,"1,003","פאב מבשלה, בר, פאב, אמריקאי",ידידותי לצמחוניים,‪$$ - $$$‬,43 ₪ - 69 ₪,http://www.frogpubs.com/fr/pub-the-frog-underground-paris-13.php,+33 1 44 82 04 72,7.0,http://www.frogpubs.com/fr/menus.php
Le Faham by Kelly Rangama,פריס,"‪108 rue Cardinet‬, 75017 פריס צרפת","מס' 36 מתוך 15,912 מסעדות בפריס",50.0,50.0,45.0,,5.0,113,9,3,0,0,125,"צרפתי, בריא, קייג'ון וקריאולי, פיוז'ן","ארוחת צהריים, ארוחת ערב",$$$$,171 ₪ - 222 ₪,http://www.lefaham.com/,+33 1 53 81 48 18,5.0,
JJ Beaumarchais,פריס,"‪92 boulevard Beaumarchais‬, 75011 פריס צרפת","מס' 41 מתוך 15,912 מסעדות בפריס",50.0,50.0,50.0,,5.0,199,20,3,2,0,224,"צרפתי, אירופאי, פיוז'ן, בריא","ארוחת צהריים, ארוחת ערב",‪$$ - $$$‬,65 ₪ - 181 ₪,https://www.facebook.com/jjbeaumarchais/,+33 9 83 91 45 44,6.0,
Didon.,פריס,"‪8 rue du Dragon‬, 75006 פריס צרפת","מס' 44 מתוך 15,912 מסעדות בפריס",50.0,50.0,50.0,,5.0,141,5,6,1,1,154,"ארוחת צהריים, ארוחת ערב","הזמנות, ישיבה, מגישה אלכוהול, שירות לשולחנות",$$$$,צרפתי,http://didonrestaurant.com/,+33 1 81 69 63 72,5.0,
Bistro V,פריס,"‪56 boulevard de Port Royal‬, 75005 פריס צרפת","מס' 49 מתוך 15,912 מסעדות בפריס",45.0,45.0,45.0,,5.0,938,88,19,17,21,"1,083",צרפתי,ארוחת ערב,‪$$ - $$$‬,130 ₪ - 217 ₪,http://www.lebistrov.fr/en/,+33 1 45 35 35 31,6.0,https://www.lebistrov.fr/en/menus/#menu-441693
Le jardin du Kashmir,פריס,"‪60 rue Legendre‬, 75017 פריס צרפת","מס' 54 מתוך 15,912 מסעדות בפריס",45.0,45.0,45.0,40.0,4.5,472,83,15,8,4,582,"ידידותי לצמחוניים, אפשרויות לטבעונים, חלאל","ארוחת צהריים, ארוחת ערב, שעות הלילה המאוחרות",‪$$ - $$$‬,"הודי, פקיסטני",http://jardindukashmir.fr/en,+33 1 42 12 94 88,,https://www.tripadvisor.co.il/Restaurant_Review-g187147-d816759-Reviews-Le_jardin_du_Kashmir-Paris_Ile_de_France.html#
Midi 12,פריס,"‪12 rue la Fayette‬, 75009 פריס צרפת","מס' 56 מתוך 15,912 מסעדות בפריס",45.0,45.0,45.0,,4.5,785,207,26,4,6,"1,028","צרפתי, אירופאי, בריא","ידידותי לצמחוניים, אפשרויות לטבעונים, אפשרויות ללא גלוטן",$,29 ₪ - 90 ₪,http://www.midi12.com/,+33 9 50 12 24 24,,
Le Vent d'Armor,פריס,"‪25 quai de la Tournelle‬, 75005 פריס צרפת","מס' 62 מתוך 15,912 מסעדות בפריס",50.0,50.0,45.0,,5.0,335,39,6,5,1,386,"צרפתי, מאכלי ים, אירופאי, בריא",אפשרויות ללא גלוטן,‪$$ - $$$‬,108 ₪ - 253 ₪,http://www.le-vent-darmor.com/,+33 1 46 34 50 99,,https://www.tripadvisor.co.il/Restaurant_Review-g187147-d10041740-Reviews-Le_Vent_d_Armor-Paris_Ile_de_France.html#
Restaurant Pizzamore,פריס,,,,,,,5.0,230,23,7,2,1,263,,,,,,,7.0,
Il Tronchetto,פריס,"‪22 rue de Lourmel‬, 75015 פריס צרפת","מס' 66 מתוך 15,912 מסעדות בפריס",50.0,45.0,45.0,,4.5,490,54,17,8,9,578,"ידידותי לצמחוניים, אפשרויות לטבעונים","ארוחת צהריים, ארוחת ערב",‪$$ - $$$‬,"איטלקי, פיצה, אירופאי, נפוליטני, קמפניה, דרום איטלקי",https://www.facebook.com/www.iltronchettopizza/,+33 6 95 44 40 68,7.0,
L'Orangerie,פריס,"‪31 avenue George V‬ Four Seasons Hotel, 75008 פריס צרפת","מס' 71 מתוך 15,912 מסעדות בפריס",50.0,50.0,45.0,,5.0,295,22,11,5,0,333,"צרפתי, אירופאי","ידידותי לצמחוניים, אפשרויות לטבעונים, אפשרויות ללא גלוטן",$$$$,343 ₪ - 433 ₪,http://www.fourseasons.com/paris/dining/restaurants/l-orangerie/,+33 1 49 52 72 24,7.0,https://www.tripadvisor.co.il/Restaurant_Review-g187147-d10443323-Reviews-L_Orangerie-Paris_Ile_de_France.html#
Tadam Paris,פריס,"‪14 rue du Jura‬, 75013 פריס צרפת","מס' 74 מתוך 15,912 מסעדות בפריס",45.0,50.0,45.0,,5.0,144,18,7,0,0,169,צרפתי,ידידותי לצמחוניים,‪$$ - $$$‬,65 ₪ - 162 ₪,http://www.tadam-paris.fr/,+33 1 43 31 29 19,7.0,
Les Epiciers,פריס,"‪33 rue de Montmorency‬, 75003 פריס צרפת","מס' 79 מתוך 15,912 מסעדות בפריס",50.0,50.0,45.0,,5.0,253,29,2,1,2,287,"אירופאי, בר יין","ארוחת ערב, משקאות",‪$$ - $$$‬,22 ₪ - 90 ₪,http://www.facebook.com/Les-Epiciers-945055315561067/,+33 9 50 50 20 67,,
Karavaki Au Jardin Du Luxembourg,פריס,"‪7 rue Gay Lussac‬ metro Luxembourg, 75005 פריס צרפת","מס' 84 מתוך 15,912 מסעדות בפריס",50.0,50.0,50.0,,5.0,153,9,2,2,3,169,"ידידותי לצמחוניים, אפשרויות לטבעונים","ארוחת צהריים, ארוחת ערב",$,"יווני, ים תיכוני, בריא",https://karavaki-au-jardin-de-luxembourg.business.site/,+33 9 53 38 88 70,6.0,
Pianovins,פריס,"‪46 rue Trousseau‬, 75011 פריס צרפת","מס' 86 מתוך 15,912 מסעדות בפריס",50.0,50.0,45.0,,5.0,151,8,5,2,1,167,"צרפתי, בריא","ארוחת צהריים, ארוחת ערב",$$$$,108 ₪ - 231 ₪,http://www.pianovins.com/,+33 1 48 06 95 85,5.0,http://pianovins.com/nos-menus-types/
Can Alegria Paris,פריס,,,,,,,5.0,861,60,38,12,7,978,,,,,,,6.0,
L'Archeste,פריס,"‪79 rue de la Tour‬, 75116 פריס צרפת","מס' 93 מתוך 15,912 מסעדות בפריס",50.0,50.0,45.0,,5.0,186,28,4,1,2,221,"צרפתי, אירופאי","ארוחת צהריים, ארוחת ערב",$$$$,199 ₪ - 668 ₪,http://archeste.fr/,+33 1 40 71 69 68,5.0,https://www.archeste.fr/menus-carte/#menu-437661
Gegeor,פריס,"‪1 rue Moncey‬, 75009 פריס צרפת","מס' 96 מתוך 15,912 מסעדות בפריס",45.0,50.0,45.0,,5.0,192,29,4,2,1,228,"צרפתי, אירופאי",ידידותי לצמחוניים,‪$$ - $$$‬,22 ₪ - 97 ₪,http://gegeor.fr/,+33 7 67 12 88 09,,https://drive.google.com/drive/folders/1gsl6LHRVFK2AMHsvgL13eWZBPm1KhFR-
Himalaya Restaurant,פריס,"‪22 rue de la Gaite‬, 75014 פריס צרפת","מס' 101 מתוך 15,912 מסעדות בפריס",35.0,35.0,35.0,30.0,4.0,154,82,45,23,21,325,"ידידותי לצמחוניים, אפשרויות לטבעונים","ארוחת צהריים, ארוחת ערב, שעות הלילה המאוחרות, משקאות",‪$$ - $$$‬,"הודי, פקיסטני",http://himalaya.paris/,+33 9 87 53 64 24,7.0,https://himalaya.paris/order
AlKaram,פריס,"‪15 rue Ferdinand Fabre‬, 75015 פריס צרפת","מס' 104 מתוך 15,912 מסעדות בפריס",45.0,50.0,45.0,45.0,4.5,631,128,28,3,2,792,"לבנוני, ים תיכוני, בריא, מזרח תיכוני","ידידותי לצמחוניים, אפשרויות לטבעונים, אפשרויות ללא גלוטן",‪$$ - $$$‬,61 ₪ - 116 ₪,http://www.restaurant-alkaram.fr/,+33 1 45 33 00 00,5.0,http://www.restaurant-alkaram.fr/menu/
Les Freres Bretons,פריס,"‪117 boulevard de Grenelle‬ Métro la motte picquet grenelle, 75015 פריס צרפת","מס' 109 מתוך 15,912 מסעדות בפריס",45.0,45.0,45.0,,4.5,347,74,15,5,1,442,"צרפתי, אירופאי","ידידותי לצמחוניים, אפשרויות ללא גלוטן",$,18 ₪ - 43 ₪,http://www.facebook.com/LesFreresBretons/,+33 1 45 72 42 88,,
L'Hommage,פריס,"‪36 avenue de Choisy‬, 75013 פריס צרפת","מס' 114 מתוך 15,912 מסעדות בפריס",45.0,50.0,45.0,,4.5,224,33,11,5,0,273,"צרפתי, אירופאי, עכשווי, בריא","ארוחת צהריים, ארוחת ערב",‪$$ - $$$‬,97 ₪ - 209 ₪,http://www.lhommageparis.com/,+33 1 44 24 38 70,5.0,http://www.lhommageparis.com/#menu
Cafe de Paris Friedland,פריס,"‪45 avenue de Friedland‬, 75008 פריס צרפת","מס' 116 מתוך 15,912 מסעדות בפריס",40.0,45.0,40.0,,4.5,360,47,14,13,26,460,"ידידותי לצמחוניים, אפשרויות ללא גלוטן","ארוחת בוקר, ארוחת צהריים, ארוחת ערב, שעות הלילה המאוחרות",‪$$ - $$$‬,"צרפתי, בר, בית קפה, אירופאי",http://restaurant-lecafedeparis.com/fr,+33 1 45 63 76 28,7.0,
Zia,פריס,"‪22 avenue de Tourville‬, 75007 פריס צרפת","מס' 122 מתוך 15,912 מסעדות בפריס",45.0,45.0,45.0,,4.5,153,30,5,0,2,190,"צרפתי, אמריקאי, בית קפה, בריא","ידידותי לצמחוניים, אפשרויות לטבעונים, אפשרויות ללא גלוטן",‪$$ - $$$‬,36 ₪ - 126 ₪,http://ziaparis.com/,+33 1 44 18 90 71,5.0,
RHINO ROUGE,פריס,"‪2 rue Theophile Roussel‬, 75012 פריס צרפת","מס' 123 מתוך 15,912 מסעדות בפריס",45.0,50.0,45.0,,4.5,153,24,6,1,2,186,"ברביקיו, אמריקאי, מסעדת סטייקים, מאכלי רחוב","ארוחת צהריים, ארוחת ערב",‪$$ - $$$‬,58 ₪ - 171 ₪,http://www.rhinorouge.fr/,+33 1 43 44 28 55,,https://rhinorouge.fr/#la-carte
Chez Gabrielle,פריס,"‪7 rue de l Etoile‬, 75017 פריס צרפת","מס' 126 מתוך 15,912 מסעדות בפריס",45.0,45.0,45.0,45.0,4.5,796,239,41,8,8,"1,092",ידידותי לצמחוניים,"ארוחת צהריים, ארוחת ערב, שעות הלילה המאוחרות",‪$$ - $$$‬,"צרפתי, אירופאי",https://www.facebook.com/Chez-Gabrielle-138727942825760/,+33 1 43 80 23 01,,https://www.tripadvisor.co.il/Restaurant_Review-g187147-d1871995-Reviews-Chez_Gabrielle-Paris_Ile_de_France.html#
L'Annexe,פריס,"‪13 rue des Trois Frères‬, 75018 פריס צרפת","מס' 131 מתוך 15,912 מסעדות בפריס",45.0,45.0,45.0,45.0,4.5,603,166,32,10,6,817,"ידידותי לצמחוניים, אפשרויות לטבעונים, אפשרויות ללא גלוטן","ארוחת צהריים, ארוחת ערב",‪$$ - $$$‬,72 ₪ - 144 ₪,http://lannexe-paris18.fr/en,+33 1 46 06 12 48,,https://www.tripadvisor.co.il/Restaurant_Review-g187147-d1991471-Reviews-L_Annexe-Paris_Ile_de_France.html#
Le Bistrot d'Indochine,פריס,"‪49 rue de Dantzig‬, 75015 פריס צרפת","מס' 134 מתוך 15,912 מסעדות בפריס",45.0,45.0,45.0,40.0,4.5,346,75,17,1,1,440,"אסייתי, וייטנאמי","ידידותי לצמחוניים, אפשרויות לטבעונים, אפשרויות ללא גלוטן",‪$$ - $$$‬,43 ₪ - 126 ₪,http://www.facebook.com/BistroIndochine/,+33 1 45 31 87 27,,
Chào bà,פריס,"‪14 rue Coypel‬ près de la place d'Italie, 75013 פריס צרפת","מס' 139 מתוך 15,912 מסעדות בפריס",45.0,45.0,45.0,,4.5,204,46,9,2,0,261,"אסייתי, וייטנאמי","ידידותי לצמחוניים, אפשרויות לטבעונים, אפשרויות ללא גלוטן",‪$$ - $$$‬,40 ₪ - 108 ₪,http://www.facebook.com/pg/Ch%C3%A0o-B%C3%A0-1406685519377107/about/?ref=page_internal,+33 1 45 32 84 23,,
Flesh Restaurant Canal Saint Martin,פריס,"‪23 rue Louis Blanc‬, 75010 פריס צרפת","מס' 144 מתוך 15,912 מסעדות בפריס",45.0,45.0,45.0,,4.5,784,124,38,11,5,962,"ברביקיו, מסעדת סטייקים, גריל",אפשרויות ללא גלוטן,‪$$ - $$$‬,36 ₪ - 144 ₪,https://www.facebook.com/fleshrestaurant/,+33 1 40 36 58 81,,
Issa Paris,פריס,"‪4 rue du petit Moine‬, 75005 פריס צרפת","מס' 146 מתוך 15,912 מסעדות בפריס",50.0,50.0,50.0,,5.0,87,4,4,0,0,95,"יפני, אסייתי, בריא, פיוז'ן יפני","ארוחת צהריים, ארוחת ערב",‪$$ - $$$‬,72 ₪ - 144 ₪,http://www.issa-paris.com/,+33 1 77 32 24 82,5.0,https://www.tripadvisor.co.il/Restaurant_Review-g187147-d19142879-Reviews-Issa_Paris-Paris_Ile_de_France.html#
La Bonne Excuse,פריס,"‪48 rue de Verneuil‬, 75007 פריס צרפת","מס' 152 מתוך 15,912 מסעדות בפריס",45.0,50.0,45.0,45.0,4.5,617,107,29,11,7,771,"ידידותי לצמחוניים, אפשרויות לטבעונים, אפשרויות ללא גלוטן","ארוחת צהריים, ארוחת ערב",$$$$,"צרפתי, אירופאי, בריא","http://www.restaurantlerestaurantparis.com/index,nopage,1,codeISO_langue,fr.html",+33 1 42 61 50 21,,
La Couvée,פריס,"‪32 rue Veron‬, 75018 פריס צרפת","מס' 153 מתוך 15,912 מסעדות בפריס",50.0,45.0,50.0,,5.0,69,6,0,1,0,76,צרפתי,"ארוחת צהריים, ארוחת ערב, ארוחת בוקר, משקאות",‪$$ - $$$‬,29 ₪ - 116 ₪,http://lacouveeparis.com/#reservation,+33 1 42 23 06 22,,
Royal Dragon,פריס,"‪98 boulevard du Montparnasse‬, 75014 פריס צרפת","מס' 156 מתוך 15,912 מסעדות בפריס",45.0,45.0,45.0,,4.5,464,108,20,16,1,609,"סיני, יפני, אסייתי","ידידותי לצמחוניים, אפשרויות לטבעונים",$,43 ₪ - 108 ₪,http://www.facebook.com/royalDraogon/,+33 1 43 35 37 30,6.0,https://royal-dragon.business.site/
Oplato,פריס,"‪69 rue de Charonne‬, 75011 פריס צרפת","מס' 161 מתוך 15,912 מסעדות בפריס",45.0,50.0,45.0,,4.5,127,32,3,1,1,164,"צרפתי, אירופאי, בר יין","ידידותי לצמחוניים, אפשרויות לטבעונים",‪$$ - $$$‬,34 ₪ - 171 ₪,http://www.oplato.com/,+33 9 81 80 44 70,,
Le Lamarck,פריס,"‪8 rue Lamarck‬, 75018 פריס צרפת","מס' 164 מתוך 15,912 מסעדות בפריס",45.0,45.0,45.0,50.0,4.5,290,51,12,7,4,364,"ידידותי לצמחוניים, אפשרויות לטבעונים, אפשרויות ללא גלוטן","ארוחת צהריים, ארוחת ערב, שעות הלילה המאוחרות",‪$$ - $$$‬,"צרפתי, אירופאי",http://www.lelamarck.fr/,+33 1 53 41 01 60,6.0,https://www.tripadvisor.co.il/Restaurant_Review-g187147-d1323764-Reviews-Le_Lamarck-Paris_Ile_de_France.html#
Sourire Le Restaurant,פריס,"‪15 rue de la Sante‬, 75013 פריס צרפת","מס' 169 מתוך 15,912 מסעדות בפריס",45.0,45.0,45.0,,4.5,313,61,11,3,5,393,"צרפתי, אירופאי, עכשווי, בריא","ארוחת צהריים, ארוחת ערב",$$$$,141 ₪ - 249 ₪,http://www.sourire-restaurant.com/,+33 1 47 07 07 45,5.0,https://www.sourire-restaurant.com/sourire-le-restaurant
Phebe,פריס,"‪190 rue de Courcelles‬, 75017 פריס צרפת","מס' 174 מתוך 15,912 מסעדות בפריס",45.0,45.0,45.0,45.0,4.5,212,70,12,5,0,299,"צרפתי, אירופאי","ידידותי לצמחוניים, אפשרויות לטבעונים",‪$$ - $$$‬,72 ₪ - 181 ₪,http://restaurantphebe.fr/en,+33 1 46 22 33 23,,http://restaurantphebe.fr/fr/services
Aux Delices du Liban,פריס,"‪3 rue de l Estrapade‬, 75005 פריס צרפת",מס' 13 מתוך 501 מזרח תיכוני בפריס,45.0,45.0,45.0,40.0,4.5,155,49,6,3,1,214,"לבנוני, ים תיכוני, מזרח תיכוני","ידידותי לצמחוניים, אפשרויות לטבעונים",‪$$ - $$$‬,61 ₪ - 108 ₪,http://www.auxdelicesduliban.com/,+33 1 44 07 29 99,,http://auxdelicesduliban.com/
La boite aux lettres,פריס,"‪108 rue Lepic‬, 75018 פריס צרפת","מס' 182 מתוך 15,912 מסעדות בפריס",45.0,45.0,45.0,45.0,4.5,788,204,20,15,12,"1,039","צרפתי, אירופאי, בריא","ידידותי לצמחוניים, אפשרויות לטבעונים, אפשרויות ללא גלוטן",‪$$ - $$$‬,47 ₪ - 141 ₪,http://www.restaurantlaboiteauxlettres.fr/,+33 1 42 51 76 84,,
L'Acolyte de L'Insolite,פריס,"‪49 rue de la Folie-Méricourt‬, 75011 פריס צרפת","מס' 183 מתוך 15,912 מסעדות בפריס",45.0,45.0,45.0,40.0,4.5,309,59,12,8,1,389,"צרפתי, אירופאי",ידידותי לצמחוניים,‪$$ - $$$‬,61 ₪ - 126 ₪,https://www.facebook.com/lacolytedelinsolite/,+33 9 83 25 95 78,,
Ristorante Al Caratello,פריס,"‪5 rue Audran‬, 75018 פריס צרפת","מס' 186 מתוך 15,912 מסעדות בפריס",45.0,45.0,45.0,45.0,4.5,"1,244",398,62,20,12,"1,736","איטלקי, אירופאי","ידידותי לצמחוניים, אפשרויות לטבעונים, אפשרויות ללא גלוטן",‪$$ - $$$‬,55 ₪ - 85 ₪,http://www.alcaratello.com/,+33 1 42 62 24 23,,
Le Petit Amalfi,פריס,"‪29 rue de Turin‬, 75008 פריס צרפת","מס' 191 מתוך 15,912 מסעדות בפריס",45.0,45.0,40.0,45.0,4.5,270,55,16,8,7,356,"ידידותי לצמחוניים, אפשרויות לטבעונים","ארוחת צהריים, ארוחת ערב, שעות הלילה המאוחרות",‪$$ - $$$‬,"איטלקי, ים תיכוני, אירופאי, נפוליטני, קמפניה, סיציליאני, דרום איטלקי",http://www.restaurantamalfi.fr/,+33 1 45 22 12 03,,https://www.tripadvisor.co.il/Restaurant_Review-g187147-d1865629-Reviews-Le_Petit_Amalfi-Paris_Ile_de_France.html#
La Pause Libanaise,פריס,,,,,,,4.5,490,157,21,5,8,681,,,,,,,6.0,
Le Loubnane,פריס,"‪29 rue Galande‬, 75005 פריס צרפת","מס' 199 מתוך 15,912 מסעדות בפריס",45.0,45.0,40.0,45.0,4.5,957,293,57,24,11,"1,342","לבנוני, בריא","ידידותי לצמחוניים, אפשרויות לטבעונים, אפשרויות ללא גלוטן",‪$$ - $$$‬,90 ₪ - 162 ₪,http://www.loubnane.fr/,+33 1 43 26 70 60,,https://www.tripadvisor.co.il/Restaurant_Review-g187147-d897021-Reviews-Le_Loubnane-Paris_Ile_de_France.html#
Mamie Bidoche,פריס,"‪16 rue de Candie‬ Angle rue de la forge royale, 75011 פריס צרפת","מס' 204 מתוך 15,912 מסעדות בפריס",50.0,50.0,45.0,,4.5,136,17,7,0,4,164,"צרפתי, בריא, גריל","ארוחת צהריים, ארוחת ערב, שעות הלילה המאוחרות, משקאות",‪$$ - $$$‬,61 ₪ - 94 ₪,http://www.mamiebidoche.fr/,+33 1 73 75 18 74,,http://mamiebidoche.fr/
Gemini Odéon,פריס,"‪9 rue Monsieur le Prince‬, 75006 פריס צרפת","מס' 206 מתוך 15,912 מסעדות בפריס",40.0,40.0,40.0,,4.5,747,110,32,11,24,924,"איטלקי, פיצה, נפוליטני, קמפניה, טוסקאני, רומאי, לאציו, סיציליאני, ליגוריאני, צפון-איטלקי, מרכז-איטלקי, דרום איטלקי","ארוחת צהריים, ארוחת ערב",‪$$ - $$$‬,36 ₪ - 65 ₪,http://www.restaurantgemini.fr/,+33 9 81 88 97 80,7.0,https://www.tripadvisor.co.il/Restaurant_Review-g187147-d16881069-Reviews-Gemini_Odeon-Paris_Ile_de_France.html#
Chez Toinette,פריס,"‪20 rue Germain Pilon‬, 75018 פריס צרפת","מס' 212 מתוך 15,912 מסעדות בפריס",45.0,45.0,45.0,45.0,4.5,"1,152",327,65,18,13,"1,575","צרפתי, אירופאי","ארוחת צהריים, ארוחת ערב, שעות הלילה המאוחרות",‪$$ - $$$‬,69 ₪ - 144 ₪,https://www.facebook.com/CHEZ-TOINETTE-156422304432184/,+33 6 64 95 89 40,,
Pages,פריס,"‪4 rue Auguste Vacquerie‬, 75116 פריס צרפת","מס' 213 מתוך 15,912 מסעדות בפריס",45.0,45.0,45.0,40.0,4.5,190,43,12,5,1,251,"צרפתי, עכשווי, אירופאי","ארוחת צהריים, ארוחת ערב",$$$$,235 ₪ - 866 ₪,http://www.restaurantpages.fr/,+33 1 47 20 74 94,5.0,https://www.tripadvisor.co.il/Restaurant_Review-g187147-d7095002-Reviews-Pages-Paris_Ile_de_France.html#
Pierre Gagnaire,פריס,"‪6 rue Balzac‬, 75008 פריס צרפת","מס' 216 מתוך 15,912 מסעדות בפריס",45.0,45.0,40.0,45.0,4.5,777,127,54,17,17,992,"ידידותי לצמחוניים, אפשרויות לטבעונים, אפשרויות ללא גלוטן","ארוחת צהריים, ארוחת ערב, שעות הלילה המאוחרות",$$$$,"צרפתי, אירופאי",http://www.pierre-gagnaire.com/,+33 1 58 36 12 50,5.0,https://www.pierregagnaire.com/resources/upload/Menu_ESPRIT_PG_ete_11.pdf
In Bocca al lupo,פריס,"‪14 rue Francoeur‬ Quartier Montmartre, 75018 פריס צרפת","מס' 221 מתוך 15,912 מסעדות בפריס",45.0,45.0,45.0,45.0,4.5,300,94,12,9,3,418,"ידידותי לצמחוניים, אפשרויות לטבעונים","ארוחת צהריים, ארוחת ערב, שעות הלילה המאוחרות",‪$$ - $$$‬,"איטלקי, פיצה, ים תיכוני, אירופאי",http://www.pizzeria-in-bocca-al-lupo.com/,+33 1 42 64 57 92,,https://www.pizzeria-in-bocca-al-lupo.com/carte.pdf
Creperie Mad'eo,פריס,"‪14 rue de Cadix‬, 75015 פריס צרפת","מס' 224 מתוך 15,912 מסעדות בפריס",45.0,50.0,45.0,,4.5,197,78,7,2,2,286,"ידידותי לצמחוניים, אפשרויות לטבעונים","ארוחת צהריים, ארוחת ערב",$,"צרפתי, אירופאי",http://www.creperiemadeo.bzh/,+33 1 42 50 52 43,,
Lorette & Les Garcons,פריס,"‪Rue Saint Lazare‬, 75009 פריס צרפת","מס' 229 מתוך 15,912 מסעדות בפריס",45.0,45.0,45.0,,4.5,146,37,5,4,1,193,צרפתי,"ארוחת צהריים, ארוחת ערב, משקאות",‪$$ - $$$‬,51 ₪ - 144 ₪,http://www.lorette-lesgarcons.fr/,+33 1 42 06 94 98,,https://www.tripadvisor.co.il/Restaurant_Review-g187147-d15077991-Reviews-Lorette_Les_Garcons-Paris_Ile_de_France.html#
La Scene Theleme,פריס,,,,,,,4.5,328,44,14,9,8,403,,,,,,,5.0,
Olive & Thym - Par Man'ouché,פריס,"‪60 rue Quincampoix‬, 75004 פריס צרפת","מס' 236 מתוך 15,912 מסעדות בפריס",45.0,45.0,45.0,,4.5,211,53,10,3,2,279,"ידידותי לצמחוניים, אפשרויות לטבעונים, אפשרויות ללא גלוטן","ארוחת צהריים, ארוחת ערב, שעות הלילה המאוחרות",$,"לבנוני, ים תיכוני, בריא, מזרח תיכוני, עכשווי",http://www.oliveetthym.com/,+33 1 75 51 43 77,,https://deliveroo.fr/fr/menu/paris/4eme-hotel-de-ville/olive-and-thym
Habesha,פריס,"‪19 rue Copreaux‬, 75015 פריס צרפת","מס' 242 מתוך 15,912 מסעדות בפריס",45.0,45.0,45.0,45.0,4.5,148,60,8,1,0,217,"ידידותי לצמחוניים, אפשרויות לטבעונים","ארוחת צהריים, ארוחת ערב",‪$$ - $$$‬,"אפריקני, אתיופי",http://www.facebook.com/Habesharestaurantparis/,+33 1 43 06 09 42,,https://www.tripadvisor.co.il/Restaurant_Review-g187147-d1337589-Reviews-Habesha-Paris_Ile_de_France.html#
Le Sanglier Bleu,פריס,"‪102 boulevard de Clichy‬, 75018 פריס צרפת","מס' 158 מתוך 7,089 צרפתי בפריס",45.0,45.0,45.0,45.0,4.5,480,203,36,8,6,733,"צרפתי, אירופאי, גסטרופאב",ידידותי לצמחוניים,‪$$ - $$$‬,58 ₪ - 162 ₪,http://www.lesanglierbleu.com/,+33 1 42 51 40 53,,
Mobster Diner,פריס,"‪20 rue des Boulangers‬ 75005, 75005 פריס צרפת","מס' 246 מתוך 15,912 מסעדות בפריס",45.0,45.0,45.0,45.0,4.5,481,176,31,6,3,697,"אמריקאי, מזון מהיר, בינלאומי",ידידותי לצמחוניים,$,32 ₪ - 47 ₪,http://mobsterdiner.com/,+33 9 81 42 16 87,7.0,https://mobsterdiner.com/menu
La Grande Ourse,פריס,"‪9 rue Georges Sache‬, 75014 פריס צרפת","מס' 254 מתוך 15,912 מסעדות בפריס",45.0,45.0,45.0,45.0,4.5,210,60,15,2,2,289,"ארוחת צהריים, ארוחת ערב","הזמנות, ישיבה בחוץ, ישיבה, נגישות לכיסא גלגלים, מגישה אלכוהול, מקבל כרטיסי אשראי, שירות לשולחנות",‪$$ - $$$‬,"צרפתי, אירופאי",http://www.restaurantlagrandeourse.fr/,+33 1 40 44 67 85,5.0,https://www.tripadvisor.co.il/Restaurant_Review-g187147-d2701878-Reviews-La_Grande_Ourse-Paris_Ile_de_France.html#
Le Maxan Restaurant,פריס,"‪3 rue Quentin Bauchart‬, 75008 פריס צרפת","מס' 259 מתוך 15,912 מסעדות בפריס",45.0,45.0,45.0,40.0,4.5,161,66,8,3,1,239,"צרפתי, אירופאי","ידידותי לצמחוניים, אפשרויות ללא גלוטן",$$$$,130 ₪ - 205 ₪,http://www.rest-maxan.com/,+33 1 40 70 04 78,,https://www.tripadvisor.co.il/Restaurant_Review-g187147-d3606577-Reviews-Le_Maxan_Restaurant-Paris_Ile_de_France.html#
Neige d'ete,פריס,"‪12 rue de l Amiral Roussin‬, 75015 פריס צרפת","מס' 264 מתוך 15,912 מסעדות בפריס",45.0,45.0,40.0,40.0,4.5,234,54,19,3,3,313,"ארוחת צהריים, ארוחת ערב","הזמנות, ארוחה פרטית, ישיבה, נגישות לכיסא גלגלים, מגישה אלכוהול, מקבל כרטיסי אשראי, שירות לשולחנות",$$$$,"צרפתי, אירופאי",http://www.neigedete.fr/,+33 1 42 73 66 66,5.0,http://www.neigedete.fr/#menu
Terra Gourma,פריס,"‪72 rue du Faubourg Montmartre‬, 75009 פריס צרפת","מס' 172 מתוך 7,089 צרפתי בפריס",45.0,45.0,45.0,,4.5,162,36,12,2,2,214,"צרפתי, אירופאי","ידידותי לצמחוניים, אפשרויות לטבעונים, אפשרויות ללא גלוטן",‪$$ - $$$‬,22 ₪ - 76 ₪,http://www.terragourma.fr/,+33 9 82 25 27 20,,https://www.thefork.com/restaurant/terra-gourma/303135
Chez Imogene,פריס,"‪25 rue Jean Pierre Timbaud‬, 75011 פריס צרפת","מס' 272 מתוך 15,912 מסעדות בפריס",45.0,45.0,45.0,45.0,4.5,346,127,20,5,3,501,צרפתי,"ידידותי לצמחוניים, אפשרויות לטבעונים",‪$$ - $$$‬,38 ₪ - 75 ₪,http://www.creperie-imogene.fr/,+33 1 48 07 14 59,,https://imopreprodweb.https//imopreprodweb.alwaysdata.net/fr/carte.pdf.net/fr/carte.pdf
La Maison du Jardin,פריס,"‪27 rue de Vaugirard‬, 75006 פריס צרפת","מס' 273 מתוך 15,912 מסעדות בפריס",45.0,45.0,45.0,40.0,4.5,391,166,39,12,10,618,ידידותי לצמחוניים,"ארוחת צהריים, ארוחת ערב, שעות הלילה המאוחרות",‪$$ - $$$‬,"צרפתי, אירופאי",http://www.restaurant-lamaisondujardin.fr/,+33 1 45 48 22 31,,http://www.restaurant-lamaisondujardin.fr/menu
Juveniles Wine Bar,פריס,"‪47 rue de Richelieu‬, 75001 פריס צרפת","מס' 276 מתוך 15,912 מסעדות בפריס",45.0,45.0,45.0,45.0,4.5,284,113,15,12,4,428,ידידותי לצמחוניים,"ארוחת צהריים, ארוחת ערב",‪$$ - $$$‬,"צרפתי, אירופאי, בר יין",http://juvenileswinebar.com/,+33 1 42 97 46 49,,http://juvenileswinebar.com/#menu
Papa Poule,פריס,"‪23 rue des Taillandiers‬, 75011 פריס צרפת","מס' 281 מתוך 15,912 מסעדות בפריס",45.0,45.0,45.0,,4.5,125,39,6,2,0,172,"ידידותי לצמחוניים, אפשרויות לטבעונים","ארוחת צהריים, ארוחת ערב",‪$$ - $$$‬,"צרפתי, בריא",https://www.facebook.com/PapaPouleParisXI/,+33 9 50 48 28 23,,https://www.tripadvisor.co.il/UpdateListing-d15187747
Lucette fait des Crepes,פריס,"‪4 rue de Milan‬, 75009 פריס צרפת","מס' 284 מתוך 15,912 מסעדות בפריס",45.0,45.0,45.0,40.0,4.5,242,108,17,3,1,371,"צרפתי, אירופאי","ידידותי לצמחוניים, אפשרויות ללא גלוטן",$,11 ₪ - 87 ₪,http://www.lucettefaitdescrepes.com/,+33 1 42 80 58 40,,https://www.facebook.com/pg/lucettefaitdescrepes1/menu/?p_ref=pa
Bistrot Paul Chene,פריס,"‪123 rue Lauriston‬, 75116 פריס צרפת","מס' 289 מתוך 15,912 מסעדות בפריס",45.0,45.0,45.0,45.0,4.5,634,109,32,18,20,813,"צרפתי, אירופאי",ידידותי לצמחוניים,$$$$,65 ₪ - 217 ₪,http://www.bistrotpaulchene.com/,+33 1 43 59 45 47,,
Crêperie Gigi,פריס,"‪4 rue de la Corderie‬, 75003 פריס צרפת","מס' 294 מתוך 15,912 מסעדות בפריס",45.0,45.0,45.0,,4.5,174,46,8,2,6,236,צרפתי,"ידידותי לצמחוניים, אפשרויות לטבעונים",‪$$ - $$$‬,54 ₪ - 108 ₪,http://www.gigi-restaurant.fr/,+33 7 83 58 75 30,,http://www.gigi-restaurant.fr/assets/files/pdf/menu-creperie-gigi.pdf
Le Sâotico,פריס,"‪96 rue de Richelieu‬, 75002 פריס צרפת","מס' 296 מתוך 15,912 מסעדות בפריס",45.0,45.0,45.0,45.0,4.5,722,244,48,31,22,"1,067","גסטרופאב, צרפתי, אירופאי","ידידותי לצמחוניים, אפשרויות לטבעונים, אפשרויות ללא גלוטן",‪$$ - $$$‬,51 ₪ - 181 ₪,http://le-saotico-paris.fr/fr,+33 1 42 96 03 20,5.0,https://www.tripadvisor.co.il/Restaurant_Review-g187147-d2154313-Reviews-Le_Saotico-Paris_Ile_de_France.html#
Lalà La Lasagneria - Pigalle,פריס,"‪12 rue Pierre Fontaine‬, 75009 פריס צרפת","מס' 302 מתוך 15,912 מסעדות בפריס",45.0,45.0,45.0,,4.5,173,44,15,4,2,238,"איטלקי, אירופאי","ידידותי לצמחוניים, אפשרויות לטבעונים",$,36 ₪ - 90 ₪,http://www.facebook.com/lalasagneriaparis/?ref=ts&fref=ts,+33 1 40 38 28 22,,
L'Espadon,פריס,"‪15 Place Vendôme‬ Hôtel Ritz Paris, 75001 פריס צרפת","מס' 303 מתוך 15,912 מסעדות בפריס",45.0,50.0,45.0,,4.5,221,43,25,6,1,296,"ידידותי לצמחוניים, אפשרויות לטבעונים, אפשרויות ללא גלוטן","ארוחת בוקר, ארוחת צהריים, ארוחת ערב, בראנץ', שעות הלילה המאוחרות",$$$$,"צרפתי, אירופאי",http://www.ritzparis.com/en-GB/fine-dining-paris/espadon-restaurant,+33 1 43 16 33 74,,
Pedzouille,פריס,"‪66 rue du Faubourg Poissonniere‬, 75010 פריס צרפת","מס' 306 מתוך 15,912 מסעדות בפריס",45.0,45.0,45.0,,4.5,358,90,15,9,7,479,"ארוחת צהריים, ארוחת ערב","הזמנות, ישיבה, מגישה אלכוהול, Wi-fi חינם, מקבל כרטיסי אשראי, שירות לשולחנות",‪$$ - $$$‬,"צרפתי, אירופאי",http://www.pedzouille.fr/,+33 9 86 40 42 42,,
Au Petit Tonneau,פריס,"‪20 rue Surcouf‬, 75007 פריס צרפת","מס' 311 מתוך 15,912 מסעדות בפריס",45.0,45.0,45.0,45.0,4.5,322,85,21,8,11,447,"צרפתי, בריא","ידידותי לצמחוניים, אפשרויות ללא גלוטן",‪$$ - $$$‬,126 ₪ - 722 ₪,http://www.aupetittonneau.fr/index.php/en/,+33 1 47 05 09 01,,
Restaurant L'Oseille,פריס,"‪3 rue Saint Augustin‬, 75002 פריס צרפת","מס' 314 מתוך 15,912 מסעדות בפריס",45.0,45.0,45.0,,4.5,200,70,11,2,2,285,"צרפתי, אירופאי, גסטרופאב","ידידותי לצמחוניים, אפשרויות לטבעונים, אפשרויות ללא גלוטן",‪$$ - $$$‬,72 ₪ - 181 ₪,http://www.facebook.com/LecoutrePierre/,+33 1 45 08 13 76,5.0,
Damigiana,פריס,"‪56 rue Jean Jacques Rousseau‬, 75001 פריס צרפת","מס' 319 מתוך 15,912 מסעדות בפריס",45.0,45.0,45.0,,4.5,211,29,11,8,7,266,"איטלקי, ים תיכוני, אירופאי, טוסקאני, ליגוריאני, צפון-איטלקי, מרכז-איטלקי","ארוחת צהריים, ארוחת ערב, משקאות",‪$$ - $$$‬,58 ₪ - 181 ₪,http://damigiana-paris.com/,+33 9 82 41 07 01,6.0,
"Le Bon, La Butte",פריס,"‪102 T rue Lepic‬ A few meters from the Moulin de la Galette, 75018 פריס צרפת","מס' 324 מתוך 15,912 מסעדות בפריס",50.0,50.0,50.0,,4.5,143,29,6,4,3,185,צרפתי,ידידותי לצמחוניים,‪$$ - $$$‬,36 ₪ - 199 ₪,http://www.lebonlabutte.fr/,+33 9 70 93 55 52,,https://www.tripadvisor.co.il/Restaurant_Review-g187147-d15207574-Reviews-Le_Bon_La_Butte-Paris_Ile_de_France.html#
Kitchen Galerie Bis,פריס,"‪25 rue des Grands Augustins‬, 75006 פריס צרפת","מס' 326 מתוך 15,912 מסעדות בפריס",45.0,45.0,40.0,40.0,4.5,464,158,30,18,13,683,"צרפתי, אירופאי, פיוז'ן","ידידותי לצמחוניים, אפשרויות לטבעונים",$$$$,105 ₪ - 238 ₪,http://www.zekitchengalerie.fr/kgb,+33 1 46 33 00 85,5.0,https://zekitchengalerie.fr/restaurant/kitchen-galerie-bis/#info
Comme à La Campagne,פריס,"‪41 Place Jeanne D Arc‬, 75013 פריס צרפת","מס' 332 מתוך 15,912 מסעדות בפריס",45.0,45.0,45.0,,4.5,126,28,6,2,1,163,צרפתי,ידידותי לצמחוניים,‪$$ - $$$‬,54 ₪ - 144 ₪,http://www.facebook.com/commealacampagnerestaurant/,+33 6 18 99 08 41,,
Bistrot de L'Oulette,פריס,,,,,,,4.5,585,205,47,16,15,868,,,,,,,5.0,
Menekse,פריס,"‪7 Passage de la Main D Or‬, 75011 פריס צרפת","מס' 336 מתוך 15,912 מסעדות בפריס",45.0,45.0,45.0,45.0,4.5,146,71,10,1,3,231,"ידידותי לצמחוניים, אפשרויות לטבעונים","ארוחת צהריים, ארוחת ערב",‪$$ - $$$‬,"ים תיכוני, מזרח תיכוני",http://www.menekse.fr/,+33 1 40 21 84 81,,
L'Impasto,פריס,"‪63 rue Traversiere‬, 75012 פריס צרפת","מס' 341 מתוך 15,912 מסעדות בפריס",45.0,45.0,45.0,,4.5,147,18,10,1,3,179,"איטלקי, פיצה, ים תיכוני","ידידותי לצמחוניים, אפשרויות לטבעונים",‪$$ - $$$‬,36 ₪ - 58 ₪,https://www.facebook.com/foccacina/,+33 1 43 07 78 85,,
Sapori di Parma,פריס,"‪56 avenue de la Bourdonnais‬, 75007 פריס צרפת","מס' 344 מתוך 15,912 מסעדות בפריס",45.0,45.0,45.0,45.0,4.5,300,94,14,10,6,424,ידידותי לצמחוניים,"ארוחת צהריים, ארוחת ערב",$,"איטלקי, ים תיכוני, אירופאי, רומאי, לאציו, מרכז-איטלקי",http://www.facebook.com/Sapori-di-Parma-110224325711346/,+33 1 45 56 19 38,,https://www.tripadvisor.co.il/UpdateListing-d8479707
Racina,פריס,"‪43 rue Descartes‬, 75005 פריס צרפת","מס' 349 מתוך 15,912 מסעדות בפריס",45.0,45.0,45.0,,4.5,256,60,15,10,8,349,"איטלקי, פיצה, ים תיכוני, אירופאי, מעדנייה","ידידותי לצמחוניים, אפשרויות לטבעונים",$,22 ₪ - 72 ₪,http://lafourchette.com/,+33 9 54 18 22 93,6.0,
Il etait une Oie dans le Sud Ouest,פריס,"‪8 rue Gustave Flaubert‬, 75017 פריס צרפת","מס' 354 מתוך 15,912 מסעדות בפריס",45.0,45.0,40.0,45.0,4.5,317,135,24,9,4,489,"ארוחת צהריים, ארוחת ערב","מכבדת אמריקן אקספרס, מכבדת מאסטרקארד, מכבדת ויזה, הזמנות, ישיבה בחוץ, ישיבה, מציעה כיסאות אוכל לתינוקות, מגישה אלכוהול, מקבל כרטיסי אשראי, שירות לשולחנות",‪$$ - $$$‬,"צרפתי, אירופאי",http://www.il-etait-une-oie.fr/,+33 1 43 80 18 30,,https://www.tripadvisor.co.il/Restaurant_Review-g187147-d718046-Reviews-Il_etait_une_Oie_dans_le_Sud_Ouest-Paris_Ile_de_France.html#
L'Escudella,פריס,,,,,,,4.5,203,56,12,6,1,278,,,,,,,6.0,
Ciasa Mia,פריס,"‪19 rue Laplace‬, 75005 פריס צרפת","מס' 362 מתוך 15,912 מסעדות בפריס",45.0,45.0,40.0,45.0,4.5,411,53,19,17,16,516,"אירופאי, עכשווי, פיוז'ן, צפון-איטלקי",ידידותי לצמחוניים,$$$$,133 ₪ - 338 ₪,http://www.ciasamia.com/,+33 1 43 29 19 77,6.0,https://www.tripadvisor.co.il/Restaurant_Review-g187147-d1835884-Reviews-Ciasa_Mia-Paris_Ile_de_France.html#
Magokoro,פריס,"‪33 rue Lamartine‬, 75009 פריס צרפת","מס' 363 מתוך 15,912 מסעדות בפריס",45.0,45.0,45.0,40.0,4.5,234,78,12,5,9,338,"ידידותי לצמחוניים, אפשרויות לטבעונים","ארוחת צהריים, ארוחת ערב",‪$$ - $$$‬,"יפני, אסייתי",http://magokoro-paris.blogspot.com/,+33 1 80 50 29 35,,https://www.tripadvisor.co.il/Restaurant_Review-g187147-d5505247-Reviews-Magokoro-Paris_Ile_de_France.html#
Fric-Frac Canal St-Martin,פריס,"‪79 quai de Valmy‬, 75010 פריס צרפת","מס' 366 מתוך 15,912 מסעדות בפריס",45.0,45.0,40.0,,4.5,157,68,14,5,1,245,"צרפתי, אירופאי, מאכלי רחוב","ידידותי לצמחוניים, אפשרויות לטבעונים",$,36 ₪ - 90 ₪,http://fricfrac.fr/,+33 1 42 85 87 34,,https://fricfrac.fr/la-carte/
Le Casse Noix,פריס,"‪56 rue de la Federation‬, 75015 פריס צרפת","מס' 371 מתוך 15,912 מסעדות בפריס",45.0,45.0,45.0,40.0,4.5,336,175,31,11,4,557,"צרפתי, אירופאי",אפשרויות ללא גלוטן,‪$$ - $$$‬,79 ₪ - 253 ₪,http://www.le-cassenoix.fr/,+33 1 45 66 09 01,5.0,
Paris Follie's,פריס,"‪74 avenue Kleber‬, 75116 פריס צרפת","מס' 374 מתוך 15,912 מסעדות בפריס",45.0,45.0,45.0,,4.5,223,92,21,7,6,349,ידידותי לצמחוניים,"ארוחת בוקר, ארוחת צהריים, ארוחת ערב, בראנץ'",$,"צרפתי, בר, אירופאי, גסטרופאב",https://www.facebook.com/Le-Paris-Follies-1010436642327853/,+33 1 83 56 38 18,,
IZU,פריס,"‪7 rue Veronese‬, 75013 פריס צרפת","מס' 30 מתוך 2,235 אסייתי בפריס",45.0,45.0,45.0,40.0,4.5,232,111,19,5,3,370,"יפני, סושי, אסייתי","ידידותי לצמחוניים, אפשרויות לטבעונים",‪$$ - $$$‬,29 ₪ - 126 ₪,http://m.facebook.com/izuparis/?locale2=fr_FR#,+33 1 43 31 87 51,,https://m.facebook.com/izuparis/?locale2=fr_FR#
Il Farniente,פריס,"‪250 rue du Faubourg Saint Antoine‬, 75012 פריס צרפת","מס' 384 מתוך 15,912 מסעדות בפריס",45.0,45.0,45.0,45.0,4.5,298,79,17,8,10,412,"איטלקי, ים תיכוני, אירופאי","ידידותי לצמחוניים, אפשרויות לטבעונים",‪$$ - $$$‬,54 ₪ - 108 ₪,http://ilfarniente.com/,+33 1 43 73 99 28,,http://ilfarniente.com/menu/
Restaurant la Ville de Provins Paris,פריס,"‪74 boulevard de Strasbourg‬ Metro Gare de l'Est, 75010 פריס צרפת","מס' 386 מתוך 15,912 מסעדות בפריס",40.0,45.0,40.0,40.0,4.5,266,132,27,14,8,447,"ידידותי לצמחוניים, אפשרויות לטבעונים","ארוחת בוקר, ארוחת צהריים, ארוחת ערב, בראנץ'",‪$$ - $$$‬,"צרפתי, בר, בית קפה, אירופאי",http://www.facebook.com/laVilleDeProvins,+33 1 46 07 33 60,6.0,
Pouliche,פריס,"‪11, rue d’Enghien‬, 75010 פריס צרפת","מס' 392 מתוך 15,912 מסעדות בפריס",45.0,45.0,45.0,,4.5,202,40,20,13,0,275,"צרפתי, גסטרופאב","ארוחת צהריים, ארוחת ערב, שעות הלילה המאוחרות, משקאות",$$$$,96 ₪ - 188 ₪,http://www.poulicheparis.com/,+33 1 45 89 07 56,7.0,https://457d5fbc-3524-4f20-af5d-6ed8262ba161.filesusr.com/ugd/b84fb2_22251a58206244fa8eb66f6f531e9dd5.pdf
Bien Bien,פריס,"‪30 bis, rue Bergère‬, 75009 פריס צרפת","מס' 393 מתוך 15,912 מסעדות בפריס",45.0,45.0,45.0,40.0,4.5,376,216,30,12,8,642,"אסייתי, תאילנדי, בריא","ידידותי לצמחוניים, אפשרויות לטבעונים",‪$$ - $$$‬,75 ₪ - 102 ₪,http://www.facebook.com/Bien-Bien-161775287262471/home,+33 1 48 24 14 42,,
Perchiana,פריס,"‪7 rue Mademoiselle‬, 75015 פריס צרפת","מס' 396 מתוך 15,912 מסעדות בפריס",45.0,45.0,45.0,40.0,4.5,410,117,23,15,24,589,"ידידותי לצמחוניים, אפשרויות לטבעונים","ארוחת צהריים, ארוחת ערב, שעות הלילה המאוחרות",$,"בריא, מזרח תיכוני, פרסי, גריל",http://www.perchianarestaurant.com/,+33 6 64 09 69 42,,http://perchianarestaurant.com/menu/
La Capannina,פריס,,,,,,,4.5,197,107,20,8,10,342,,,,,,,,
Vertigo,פריס,"‪18 rue Lacharriere‬ Close to the L’Atelier Des Lumières, 75011 פריס צרפת","מס' 404 מתוך 15,912 מסעדות בפריס",45.0,45.0,45.0,40.0,4.5,138,68,12,2,0,220,ידידותי לצמחוניים,"ארוחת צהריים, ארוחת ערב",‪$$ - $$$‬,"עכשווי, בר יין, צרפתי",http://www.vertigoparis.fr/,+33 1 55 28 70 07,,
Le Pot de Vins,פריס,"‪36 rue Croix des Petits Champs‬, 75001 פריס צרפת","מס' 409 מתוך 15,912 מסעדות בפריס",45.0,45.0,40.0,40.0,4.5,195,83,16,2,4,300,"צרפתי, אירופאי","ארוחת צהריים, ארוחת ערב",‪$$ - $$$‬,25 ₪ - 94 ₪,http://www.lepotdevins.fr/,+33 9 53 84 21 19,,https://www.tripadvisor.co.il/Restaurant_Review-g187147-d3369661-Reviews-Le_Pot_de_Vins-Paris_Ile_de_France.html#
Chez Tony,פריס,"‪34 rue Bois le Vent‬, 75016 פריס צרפת","מס' 414 מתוך 15,912 מסעדות בפריס",45.0,45.0,45.0,,4.5,107,55,6,2,1,171,"צרפתי, דיינר, בריא","ידידותי לצמחוניים, אפשרויות לטבעונים",‪$$ - $$$‬,108 ₪ - 217 ₪,https://www.facebook.com/Chez-Tony-155852934457463/,+33 1 42 88 21 56,,
Astair,פריס,"‪19 Passage des Panoramas‬ Intersection entre la Galerie des Variétés et le Passage des Panoramas, 75002 פריס צרפת",מס' 7 מתוך 234 ברים עם אוכל בפריס,45.0,45.0,45.0,,4.5,239,49,17,9,12,326,"צרפתי, מאכלי ים, גריל, אירופאי, ברים עם אוכל","ארוחת צהריים, ארוחת ערב, שעות הלילה המאוחרות, משקאות",‪$$ - $$$‬,47 ₪ - 108 ₪,http://www.astair.paris/,+33 9 81 29 50 95,,https://www.astair.paris/menufrancais
Les Antiquaires,פריס,"‪13 rue du Bac‬, 75007 פריס צרפת","מס' 422 מתוך 15,912 מסעדות בפריס",45.0,45.0,40.0,45.0,4.5,"1,014",555,131,34,37,"1,771","צרפתי, אירופאי","ידידותי לצמחוניים, אפשרויות לטבעונים, אפשרויות ללא גלוטן",‪$$ - $$$‬,40 ₪ - 90 ₪,http://www.lesantiquaires.net/,+33 1 42 61 08 36,7.0,http://lesantiquaires.net/
Pleine Terre,פריס,"‪15 rue de Bassano‬, 75116 פריס צרפת","מס' 423 מתוך 15,912 מסעדות בפריס",45.0,45.0,45.0,,4.5,91,22,4,1,0,118,"צרפתי, אירופאי",ידידותי לצמחוניים,$$$$,123 ₪ - 271 ₪,https://www.restaurant-pleineterre.com/,+33 9 81 76 76 10,5.0,https://www.restaurant-pleineterre.com/menus-carte/
L'Antre Amis,פריס,"‪9 rue Bouchut‬ Ecole Militaire, 75015 פריס צרפת","מס' 426 מתוך 15,912 מסעדות בפריס",45.0,45.0,40.0,40.0,4.5,262,103,16,14,6,401,"צרפתי, אירופאי",ידידותי לצמחוניים,$$$$,123 ₪ - 181 ₪,http://www.lantreamis.com/,+33 1 45 67 15 65,5.0,
Les petites bouchées,פריס,"‪4 rue du Roi de Sicile‬, 75004 פריס צרפת","מס' 431 מתוך 15,912 מסעדות בפריס",45.0,45.0,45.0,45.0,4.5,352,156,31,12,10,561,"צרפתי, אירופאי, ספרדי, בינלאומי","ידידותי לצמחוניים, אפשרויות לטבעונים, אפשרויות ללא גלוטן",‪$$ - $$$‬,51 ₪ - 72 ₪,http://lespetitesbouchees.com/,+33 1 44 61 49 96,6.0,
Les Tantes Jeanne,פריס,"‪42 rue Veron‬, 75018 פריס צרפת","מס' 287 מתוך 7,089 צרפתי בפריס",45.0,45.0,40.0,45.0,4.5,912,278,95,30,20,"1,335","צרפתי, אירופאי","ידידותי לצמחוניים, אפשרויות ללא גלוטן",$$$$,181 ₪ - 578 ₪,http://www.lestantesjeanne.fr/,+33 1 42 51 14 21,,https://www.lestantesjeanne.fr/la-carte/
Palais du Bonheur,פריס,"‪131 rue Michel Ange‬, 75016 פריס צרפת","מס' 439 מתוך 15,912 מסעדות בפריס",45.0,45.0,45.0,40.0,4.5,219,91,16,7,9,342,"סיני, אסייתי, תאילנדי, מטבח בסגנון בייג'ינג","ידידותי לצמחוניים, אפשרויות לטבעונים, אפשרויות ללא גלוטן",‪$$ - $$$‬,54 ₪ - 126 ₪,http://www.palaisdubonheur.com/,+33 1 46 51 46 68,,https://www.tripadvisor.co.il/Restaurant_Review-g187147-d2044612-Reviews-Palais_du_Bonheur-Paris_Ile_de_France.html#
Bien Élevé,פריס,"‪47 rue Richer‬, 75009 פריס צרפת","מס' 254 מתוך 4,023 אירופאי בפריס",45.0,45.0,45.0,,4.5,316,93,30,5,6,450,"צרפתי, מסעדת סטייקים, אירופאי","ארוחת צהריים, ארוחת ערב, שעות הלילה המאוחרות",‪$$ - $$$‬,51 ₪ - 181 ₪,http://www.bieneleve.fr/,+33 1 45 81 44 35,,http://www.bieneleve.fr/carte.pdf
La Petite Bretonne,פריס,"‪48 rue Mouffetard‬ Métro: Monge ou Cardinal Lemoine, 75005 פריס צרפת","מס' 446 מתוך 15,912 מסעדות בפריס",45.0,45.0,45.0,40.0,4.5,224,111,14,7,7,363,"צרפתי, אירופאי","ידידותי לצמחוניים, אפשרויות לטבעונים",‪$$ - $$$‬,43 ₪ - 72 ₪,http://www.creperie-petite-bretonne-paris.fr/,+33 1 43 31 45 15,6.0,http://www.creperie-petite-bretonne-paris.fr/carte-menu-crepes-et-galettes/
Sodam - Restaurant Coréen,פריס,,,,,,,4.5,180,102,15,2,3,302,,,,,,,6.0,
L'Abreuvoir,פריס,"‪24 rue du Docteur Finlay‬, 75015 פריס צרפת","מס' 453 מתוך 15,912 מסעדות בפריס",45.0,45.0,45.0,,4.5,249,95,19,12,7,382,"צרפתי, אירופאי, בינלאומי","ידידותי לצמחוניים, אפשרויות לטבעונים, אפשרויות ללא גלוטן",‪$$ - $$$‬,61 ₪ - 69 ₪,http://www.facebook.com/Labreuvoir-258984984527955/?fref=ts,+33 1 45 77 14 59,,
Chez Vincent,פריס,"‪56 rue Saint Georges‬, 75009 פריס צרפת","מס' 265 מתוך 4,023 אירופאי בפריס",45.0,45.0,45.0,40.0,4.5,161,75,24,10,3,273,"ארוחת צהריים, ארוחת ערב","הזמנות, ישיבה, מגישה אלכוהול, שירות לשולחנות",‪$$ - $$$‬,"איטלקי, ים תיכוני, אירופאי",http://www.restaurant-chez-vincent.com/,+33 1 42 85 02 79,,
Le Recepteur,פריס,"‪3 avenue Theophile Gautier‬ 75016 paris, 75016 פריס צרפת","מס' 461 מתוך 15,912 מסעדות בפריס",45.0,45.0,40.0,40.0,4.5,259,104,15,9,3,390,"צרפתי, אירופאי","ידידותי לצמחוניים, אפשרויות לטבעונים",‪$$ - $$$‬,54 ₪ - 126 ₪,http://www.lerecepteur.fr/,+33 1 42 88 56 46,,
Ristorante Costa d'Amalfi,פריס,"‪65 rue de l Universite‬ 75007, 75007 פריס צרפת","מס' 464 מתוך 15,912 מסעדות בפריס",50.0,45.0,45.0,,4.5,141,34,8,1,5,189,"איטלקי, ים תיכוני, אירופאי","אפשרויות לטבעונים, ידידותי לצמחוניים",‪$$ - $$$‬,108 ₪ - 108 ₪,http://www.restaurant-costadamalfi.fr/,+33 1 45 56 03 71,,https://www.restaurant-costadamalfi.fr/menus-carte/
Galette Café,פריס,"‪2 rue de l Universite‬ Saint Germain des Près, 75007 פריס צרפת","מס' 469 מתוך 15,912 מסעדות בפריס",45.0,45.0,45.0,40.0,4.5,315,147,35,9,3,509,"צרפתי, אירופאי","ידידותי לצמחוניים, אפשרויות לטבעונים, אפשרויות ללא גלוטן",‪$$ - $$$‬,25 ₪ - 54 ₪,http://galette.cafe/,+33 1 42 60 22 04,,http://galettecafe.fr/#food-menu
Le Refuge des Moines,פריס,"‪85 rue des Moines‬, 75017 פריס צרפת","מס' 474 מתוך 15,912 מסעדות בפריס",45.0,45.0,40.0,45.0,4.5,212,95,13,10,2,332,"צרפתי, אירופאי, בר יין",ידידותי לצמחוניים,‪$$ - $$$‬,72 ₪ - 96 ₪,http://www.baravinlerefugedesmoines.com/,+33 1 42 28 92 52,,
La Rughetta,פריס,"‪41 rue Lepic‬ Montmartre, Abbeses, 75018 פריס צרפת","מס' 68 מתוך 1,194 ים תיכוני בפריס",45.0,45.0,45.0,50.0,4.5,402,166,35,8,8,619,"איטלקי, אירופאי, ים תיכוני","ידידותי לצמחוניים, אפשרויות לטבעונים",‪$$ - $$$‬,43 ₪ - 126 ₪,http://www.larughetta.fr/,+33 1 42 23 41 70,,https://www.tripadvisor.co.il/Restaurant_Review-g187147-d718722-Reviews-La_Rughetta-Paris_Ile_de_France.html#
Le Souffle,פריס,"‪36 rue du Mont Thabor‬, 75001 פריס צרפת","מס' 482 מתוך 15,912 מסעדות בפריס",45.0,45.0,40.0,40.0,4.5,"1,302",690,184,64,34,"2,274","צרפתי, אירופאי","ידידותי לצמחוניים, אפשרויות ללא גלוטן",‪$$ - $$$‬,54 ₪ - 162 ₪,http://www.lesouffle.fr/,+33 1 42 60 27 19,,https://www.lesouffle.fr/carte-et-menus/
Restaurant David Toutain,פריס,,,,,,,4.5,568,123,58,18,13,780,,,,,,,5.0,
Meriggio,פריס,,,,,,,4.5,317,90,29,12,13,461,,,,,,,,
Il Forno Di Napoli,פריס,"‪162 boulevard du Montparnasse‬ Ouvert Le Dimanche, 75014 פריס צרפת","מס' 491 מתוך 15,912 מסעדות בפריס",45.0,45.0,40.0,40.0,4.5,781,271,58,36,41,"1,187","ידידותי לצמחוניים, אפשרויות לטבעונים","ארוחת צהריים, ארוחת ערב, שעות הלילה המאוחרות",‪$$ - $$$‬,"איטלקי, פיצה, ים תיכוני, אירופאי, נפוליטני, קמפניה, דרום איטלקי",http://lacarte.menu/restaurants/paris/il-forno-di-napoli,+33 1 43 22 91 80,,
Nomicos (ex- Les Tablettes),פריס,"‪16 avenue Bugeaud‬, 75116 פריס צרפת","מס' 494 מתוך 15,912 מסעדות בפריס",45.0,45.0,40.0,40.0,4.5,530,191,73,27,14,835,ידידותי לצמחוניים,"ארוחת צהריים, ארוחת ערב, שעות הלילה המאוחרות",$$$$,"צרפתי, אירופאי",http://www.nomicos.fr/,+33 1 56 28 16 16,5.0,https://www.tripadvisor.co.il/Restaurant_Review-g187147-d718736-Reviews-Nomicos_ex_Les_Tablettes-Paris_Ile_de_France.html#
Villa Verdi,פריס,"‪42 B avenue de Suffren‬, 75015 פריס צרפת","מס' 499 מתוך 15,912 מסעדות בפריס",45.0,45.0,45.0,45.0,4.5,443,158,33,17,20,671,"איטלקי, ים תיכוני, אירופאי, טוסקאני, רומאי, לאציו, סיציליאני, מרכז-איטלקי, דרום איטלקי","ידידותי לצמחוניים, אפשרויות לטבעונים, אפשרויות ללא גלוטן",‪$$ - $$$‬,36 ₪ - 108 ₪,http://www.villaverdi.fr/,+33 1 47 34 62 22,,
Alleno Paris,פריס,"‪8 avenue Dutuit‬ Champs-Elysees, 75008 פריס צרפת","מס' 504 מתוך 15,912 מסעדות בפריס",45.0,45.0,40.0,45.0,4.5,599,98,94,35,17,843,"ידידותי לצמחוניים, אפשרויות ללא גלוטן","ארוחת צהריים, ארוחת ערב, שעות הלילה המאוחרות",$$$$,"צרפתי, אירופאי",http://www.yannick-alleno.com/,+33 1 53 05 10 00,5.0,https://www.tripadvisor.co.il/Restaurant_Review-g187147-d7205470-Reviews-Alleno_Paris-Paris_Ile_de_France.html#
Bistrot Beyrouth,פריס,"‪103 rue de Charonne‬ Métro Charonne, 75011 פריס צרפת","מס' 506 מתוך 15,912 מסעדות בפריס",40.0,45.0,40.0,40.0,4.5,123,58,8,4,5,198,לבנוני,"ידידותי לצמחוניים, אפשרויות לטבעונים",‪$$ - $$$‬,18 ₪ - 159 ₪,http://www.bistrotbeyrouth.com/,+33 1 43 70 23 92,,http://www.bistrotbeyrouth.com/
